MapID;xPath;Attribute_Name;Romax_Name;Attribute_Type;Use_Prefix;Romax_Version;Find_Parent_By;Unit;SubMapID
1;//Root/Assemblies/Element[@prefix:type={}'];Gearbox;SSDGearbox;Assembly;http://www.w3.org/2001/XMLSchema-instance;R17;UniqueID;;0
2;//Root/Assemblies/Element/Assemblies/Element[@prefix:type={}];ShaftAssembly;SSDShaftAssembly;Assembly;http://www.w3.org/2001/XMLSchema-instance;R17;UniqueID;;0
3;/Components/Element[@prefix:type={}];Shaft;SSDShaft;Part;http://www.w3.org/2001/XMLSchema-instance;R17;UniqueID;;0
4;/Components/Element[@prefix:type={}];Bearing;SSDBearing;Part;http://www.w3.org/2001/XMLSchema-instance;R17;UniqueID;;0
5;/Components/Element[@prefix:type={}];PowerLoad;SSDPowerLoad;Part;http://www.w3.org/2001/XMLSchema-instance;R17;UniqueID;;0
6;//Root/Assemblies/Element/Assemblies/Element[@prefix:type={}];HelicalGearset;SSDDetailedHelicalGearSet;Assembly;http://www.w3.org/2001/XMLSchema-instance;R17;UniqueID;;0
7;/Components/Element[@prefix:type={}];HelicalGear;SSDDetailedHelicalGear;Part;http://www.w3.org/2001/XMLSchema-instance;R17;UniqueID;;0
8;//Root/Assemblies/Element/Assemblies/Element[@prefix:type={}];ClutchPair;SSDConceptClutch;Assembly;http://www.w3.org/2001/XMLSchema-instance;R17;UniqueID;;0
9;/Components/Element[@prefix:type={}];Clutch;SSDConceptClutchHalf;Part;http://www.w3.org/2001/XMLSchema-instance;R17;UniqueID;;0
10;/ApplicationFactor;ApplicationFactor;ApplicationFactor;HelicalGearsetFeature;http://www.w3.org/2001/XMLSchema-instance;R17;UniqueID;;6
11;/KGammaFactor;KGammaFactor;KGammaFactor;HelicalGearsetFeature;http://www.w3.org/2001/XMLSchema-instance;R17;UniqueID;;6
12;/MinimumRequiredSafetyFactorBending;MinimumRequiredSafetyFactorBending;MinimumRequiredSafetyFactorBending;HelicalGearsetFeature;http://www.w3.org/2001/XMLSchema-instance;R17;UniqueID;;6
13;/MinimumRequiredSafetyFactorContact;MinimumRequiredSafetyFactorContact;MinimumRequiredSafetyFactorContact;HelicalGearsetFeature;http://www.w3.org/2001/XMLSchema-instance;R17;UniqueID;;6
14;/QualityGradeName;QualityGradeName;QualityGradeName;HelicalGearsetFeature;http://www.w3.org/2001/XMLSchema-instance;R17;UniqueID;;6
15;/RatingStandard;RatingStandard;RatingStandard;HelicalGearsetFeature;http://www.w3.org/2001/XMLSchema-instance;R17;UniqueID;;6
16;/SearchPCDGroup;SearchPCDGroup;SearchPCDGroup;HelicalGearFeature;http://www.w3.org/2001/XMLSchema-instance;R17;UniqueID;;7
17;/FlexibleGear;FlexibleGear;FlexibleGear;HelicalGearFeature;http://www.w3.org/2001/XMLSchema-instance;R17;UniqueID;;7
18;/GeometryFactorAg;GeometryFactorAg;GeometryFactorAg;HelicalGearFeature;http://www.w3.org/2001/XMLSchema-instance;R17;UniqueID;;7
19;/GeometryFactorL0;GeometryFactorL0;GeometryFactorL1;HelicalGearFeature;http://www.w3.org/2001/XMLSchema-instance;R17;UniqueID;;7
20;/InitialRotation;InitialRotation;InitialRotation;HelicalGearFeature;http://www.w3.org/2001/XMLSchema-instance;R17;UniqueID;;7
21;/IsoGearboxHydraulicLength;IsoGearboxHydraulicLength;IsoGearboxHydraulicLength;HelicalGearFeature;http://www.w3.org/2001/XMLSchema-instance;R17;UniqueID;;7
22;/AgmaPrecision;AgmaPrecision;AgmaPrecision;HelicalGearFeature;http://www.w3.org/2001/XMLSchema-instance;R17;UniqueID;;7
23;/BottomClearance;BottomClearance;BottomClearance;HelicalGearFeature;http://www.w3.org/2001/XMLSchema-instance;R17;UniqueID;m;7
24;/BottomClearanceFactor;BottomClearanceFactor;BottomClearanceFactor;HelicalGearFeature;http://www.w3.org/2001/XMLSchema-instance;R17;UniqueID;;7
25;/DefineToolProfile;DefineToolProfile;DefineToolProfile;HelicalGearFeature;http://www.w3.org/2001/XMLSchema-instance;R17;UniqueID;m;7
26;/FlankSurfaceRoughness;FlankSurfaceRoughness;FlankSurfaceRoughness;HelicalGearFeature;http://www.w3.org/2001/XMLSchema-instance;R17;UniqueID;m;7
27;/FlankSurfaceRoughnessRMS;FlankSurfaceRoughnessRMS;FlankSurfaceRoughnessRMS;HelicalGearFeature;http://www.w3.org/2001/XMLSchema-instance;R17;UniqueID;m;7
28;/FormDiameterToSAPClearance;FormDiameterToSAPClearance;FormDiameterToSAPClearance;HelicalGearFeature;http://www.w3.org/2001/XMLSchema-instance;R17;UniqueID;m;7
29;/GearDefinition;GearDefinition;GearDefinition;HelicalGearFeature;http://www.w3.org/2001/XMLSchema-instance;R17;UniqueID;;7
30;/IsoQualityGrade;IsoQualityGrade;IsoQualityGrade;HelicalGearFeature;http://www.w3.org/2001/XMLSchema-instance;R17;UniqueID;;7
31;/JisQualityGrade;JisQualityGrade;JisQualityGrade;HelicalGearFeature;http://www.w3.org/2001/XMLSchema-instance;R17;UniqueID;;7
32;/PinionShaperShift;PinionShaperShift;PinionShaperShift;HelicalGearFeature;http://www.w3.org/2001/XMLSchema-instance;R17;UniqueID;;7
33;/PinionShaperTeeth;PinionShaperTeeth;PinionShaperTeeth;HelicalGearFeature;http://www.w3.org/2001/XMLSchema-instance;R17;UniqueID;;7
34;/QualityStandard;QualityStandard;QualityStandard;HelicalGearFeature;http://www.w3.org/2001/XMLSchema-instance;R17;UniqueID;;7
35;/RimThickness;RimThickness;RimThickness;HelicalGearFeature;http://www.w3.org/2001/XMLSchema-instance;R17;UniqueID;m;7
36;/RootFilletRadius;RootFilletRadius;RootFilletRadius;HelicalGearFeature;http://www.w3.org/2001/XMLSchema-instance;R17;UniqueID;m;7
37;/RootFilletRadiusMax;RootFilletRadiusMax;RootFilletRadiusMax;HelicalGearFeature;http://www.w3.org/2001/XMLSchema-instance;R17;UniqueID;m;7
38;/RootFilletRadiusMaxFactor;RootFilletRadiusMaxFactor;RootFilletRadiusMaxFactor;HelicalGearFeature;http://www.w3.org/2001/XMLSchema-instance;R17;UniqueID;m;7
39;/RootSurfaceRoughness;RootSurfaceRoughness;RootSurfaceRoughness;HelicalGearFeature;http://www.w3.org/2001/XMLSchema-instance;R17;UniqueID;m;7
40;/SemiToppingAddendumFactor;SemiToppingAddendumFactor;SemiToppingAddendumFactor;HelicalGearFeature;http://www.w3.org/2001/XMLSchema-instance;R17;UniqueID;;7
41;/SemiToppingAngle;SemiToppingAngle;SemiToppingAngle;HelicalGearFeature;http://www.w3.org/2001/XMLSchema-instance;R17;UniqueID;m;7
42;/SemiToppingHeight;SemiToppingHeight;SemiToppingHeight;HelicalGearFeature;http://www.w3.org/2001/XMLSchema-instance;R17;UniqueID;m;7
43;/SemiToppingRadius;SemiToppingRadius;SemiToppingRadius;HelicalGearFeature;http://www.w3.org/2001/XMLSchema-instance;R17;UniqueID;m;7
44;/ShaperToolReferenceNormalCircularThickness;ShaperToolReferenceNormalCircularThickness;ShaperToolReferenceNormalCircularThickness;HelicalGearFeature;http://www.w3.org/2001/XMLSchema-instance;R17;UniqueID;m;7
45;/ToolAddendumFactor;ToolAddendumFactor;ToolAddendumFactor;HelicalGearFeature;http://www.w3.org/2001/XMLSchema-instance;R17;UniqueID;;7
46;/ToolDedendumFactor;ToolDedendumFactor;ToolDedendumFactor;HelicalGearFeature;http://www.w3.org/2001/XMLSchema-instance;R17;UniqueID;;7
47;/ToolModule;ToolModule;ToolModule;HelicalGearFeature;http://www.w3.org/2001/XMLSchema-instance;R17;UniqueID;m;7
48;/ToolPressureAngle;ToolPressureAngle;ToolPressureAngle;HelicalGearFeature;http://www.w3.org/2001/XMLSchema-instance;R17;UniqueID;rad;7
49;/ToolRootDepth;ToolRootDepth;ToolRootDepth;HelicalGearFeature;http://www.w3.org/2001/XMLSchema-instance;R17;UniqueID;m;7
50;/ToolTipHeight;ToolTipHeight;ToolTipHeight;HelicalGearFeature;http://www.w3.org/2001/XMLSchema-instance;R17;UniqueID;m;7
51;/UseAMCForRackProfileShift;UseAMCForRackProfileShift;UseAMCForRackProfileShift;HelicalGearFeature;http://www.w3.org/2001/XMLSchema-instance;R17;UniqueID;;7
52;/UseFullLengthTeeth;UseFullLengthTeeth;UseFullLengthTeeth;HelicalGearFeature;http://www.w3.org/2001/XMLSchema-instance;R17;UniqueID;;7
53;/Geometry/ActualToothThicknessStyle;ActualToothThicknessStyle;ActualToothThicknessStyle;HelicalGearGeometry;http://www.w3.org/2001/XMLSchema-instance;R17;UniqueID;;7
54;/Geometry/AddendumFactor;AddendumFactor;AddendumFactor;HelicalGearGeometry;http://www.w3.org/2001/XMLSchema-instance;R17;UniqueID;;7
55;/Geometry/AddendumModCoeff;AddendumModCoeff;AddendumModCoeff;HelicalGearGeometry;http://www.w3.org/2001/XMLSchema-instance;R17;UniqueID;;7
56;/Geometry/AddendumModCoeffMinimum;AddendumModCoeffMinimum;AddendumModCoeffMinimum;HelicalGearGeometry;http://www.w3.org/2001/XMLSchema-instance;R17;UniqueID;;7
57;/Geometry/BallDiameter;BallDiameter;BallDiameter;HelicalGearGeometry;http://www.w3.org/2001/XMLSchema-instance;R17;UniqueID;m;7
58;/Geometry/BaseDiameter;BaseDiameter;BaseDiameter;HelicalGearGeometry;http://www.w3.org/2001/XMLSchema-instance;R17;UniqueID;m;7
59;/Geometry/BaseHelixAngle;BaseHelixAngle;BaseHelixAngle;HelicalGearGeometry;http://www.w3.org/2001/XMLSchema-instance;R17;UniqueID;rad;7
60;/Geometry/DedendumFactor;DedendumFactor;DedendumFactor;HelicalGearGeometry;http://www.w3.org/2001/XMLSchema-instance;R17;UniqueID;;7
61;/Geometry/DefaultMeasurementDiameter;DefaultMeasurementDiameter;DefaultMeasurementDiameter;HelicalGearGeometry;http://www.w3.org/2001/XMLSchema-instance;R17;UniqueID;m;7
62;/Geometry/EffectiveFaceWidth;EffectiveFaceWidth;EffectiveFaceWidth;HelicalGearGeometry;http://www.w3.org/2001/XMLSchema-instance;R17;UniqueID;m;7
63;/Geometry/FaceWidth;FaceWidth;FaceWidth;HelicalGearGeometry;http://www.w3.org/2001/XMLSchema-instance;R17;UniqueID;m;7
64;/Geometry/FinishedAddendumModCoeff;FinishedAddendumModCoeff;FinishedAddendumModCoeff;HelicalGearGeometry;http://www.w3.org/2001/XMLSchema-instance;R17;UniqueID;;7
65;/Geometry/FinishedChamferDiameter;FinishedChamferDiameter;FinishedChamferDiameter;HelicalGearGeometry;http://www.w3.org/2001/XMLSchema-instance;R17;UniqueID;m;7
66;/Geometry/FormDiameter;FormDiameter;FormDiameter;HelicalGearGeometry;http://www.w3.org/2001/XMLSchema-instance;R17;UniqueID;m;7
67;/Geometry/Hand;Hand;Hand;HelicalGearGeometry;http://www.w3.org/2001/XMLSchema-instance;R17;UniqueID;;7
68;/Geometry/HelixAngle;HelixAngle;HelixAngle;HelicalGearGeometry;http://www.w3.org/2001/XMLSchema-instance;R17;UniqueID;;7
69;/Geometry/IsInternal;IsInternal;IsInternal;HelicalGearGeometry;http://www.w3.org/2001/XMLSchema-instance;R17;UniqueID;rad;7
70;/Geometry/MaterialAllowance;MaterialAllowance;MaterialAllowance;HelicalGearGeometry;http://www.w3.org/2001/XMLSchema-instance;R17;UniqueID;;7
71;/Geometry/MaterialAllowanceFactor;MaterialAllowanceFactor;MaterialAllowanceFactor;HelicalGearGeometry;http://www.w3.org/2001/XMLSchema-instance;R17;UniqueID;;7
72;/Geometry/MeasurementAcrossBaseTangent;MeasurementAcrossBaseTangent;MeasurementAcrossBaseTangent;HelicalGearGeometry;http://www.w3.org/2001/XMLSchema-instance;R17;UniqueID;;7
73;/Geometry/MeasurementOverBalls;MeasurementOverBalls;MeasurementOverBalls;HelicalGearGeometry;http://www.w3.org/2001/XMLSchema-instance;R17;UniqueID;;7
74;/Geometry/ModuleType;ModuleType;ModuleType;HelicalGearGeometry;http://www.w3.org/2001/XMLSchema-instance;R17;UniqueID;;7
75;/Geometry/NominalNormalToothThickness;NominalNormalToothThickness;NominalNormalToothThickness;HelicalGearGeometry;http://www.w3.org/2001/XMLSchema-instance;R17;UniqueID;;7
76;/Geometry/NominalTransverseToothThickness;NominalTransverseToothThickness;NominalTransverseToothThickness;HelicalGearGeometry;http://www.w3.org/2001/XMLSchema-instance;R17;UniqueID;;7
77;/Geometry/NormalModule;NormalModule;NormalModule;HelicalGearGeometry;http://www.w3.org/2001/XMLSchema-instance;R17;UniqueID;;7
78;/Geometry/NormalToothThicknessAtDefaultMeasurementDiameter;NormalToothThicknessAtDefaultMeasurementDiameter;NormalToothThicknessAtDefaultMeasurementDiameter;HelicalGearGeometry;http://www.w3.org/2001/XMLSchema-instance;R17;UniqueID;;7
79;/Geometry/NormalToothThicknessAtFinishedChamferDiameter;NormalToothThicknessAtFinishedChamferDiameter;NormalToothThicknessAtFinishedChamferDiameter;HelicalGearGeometry;http://www.w3.org/2001/XMLSchema-instance;R17;UniqueID;;7
80;/Geometry/NormalToothThicknessAtReferencePitchDiameter;NormalToothThicknessAtReferencePitchDiameter;NormalToothThicknessAtReferencePitchDiameter;HelicalGearGeometry;http://www.w3.org/2001/XMLSchema-instance;R17;UniqueID;;7
81;/Geometry/NumberOfTeeth;NumberOfTeeth;NumberOfTeeth;HelicalGearGeometry;http://www.w3.org/2001/XMLSchema-instance;R17;UniqueID;;7
82;/Geometry/PressureAngle;PressureAngle;PressureAngle;HelicalGearGeometry;http://www.w3.org/2001/XMLSchema-instance;R17;UniqueID;;7
83;/Geometry/Protuberance;Protuberance;Protuberance;HelicalGearGeometry;http://www.w3.org/2001/XMLSchema-instance;R17;UniqueID;;7
84;/Geometry/ProtuberanceAngle;ProtuberanceAngle;ProtuberanceAngle;HelicalGearGeometry;http://www.w3.org/2001/XMLSchema-instance;R17;UniqueID;rad;7
85;/Geometry/ProtuberanceFactor;ProtuberanceFactor;ProtuberanceFactor;HelicalGearGeometry;http://www.w3.org/2001/XMLSchema-instance;R17;UniqueID;;7
86;/Geometry/RootDiameter;RootDiameter;RootDiameter;HelicalGearGeometry;http://www.w3.org/2001/XMLSchema-instance;R17;UniqueID;rad;7
87;/Geometry/RootFilletRadius;RootFilletRadius;RootFilletRadius;HelicalGearGeometry;http://www.w3.org/2001/XMLSchema-instance;R17;UniqueID;m;7
88;/Geometry/RootFilletRadiusFactor;RootFilletRadiusFactor;RootFilletRadiusFactor;HelicalGearGeometry;http://www.w3.org/2001/XMLSchema-instance;R17;UniqueID;;7
89;/Geometry/TangentMeasurementToothNumber;TangentMeasurementToothNumber;TangentMeasurementToothNumber;HelicalGearGeometry;http://www.w3.org/2001/XMLSchema-instance;R17;UniqueID;;7
90;/Geometry/TipDiameter;TipDiameter;TipDiameter;HelicalGearGeometry;http://www.w3.org/2001/XMLSchema-instance;R17;UniqueID;m;7
91;/Geometry/ToothDepthFactor;ToothDepthFactor;ToothDepthFactor;HelicalGearGeometry;http://www.w3.org/2001/XMLSchema-instance;R17;UniqueID;;7
92;/Geometry/ToothMeasurementStyle;ToothMeasurementStyle;ToothMeasurementStyle;HelicalGearGeometry;http://www.w3.org/2001/XMLSchema-instance;R17;UniqueID;;7
93;/Geometry/ToothThicknessStyle;ToothThicknessStyle;ToothThicknessStyle;HelicalGearGeometry;http://www.w3.org/2001/XMLSchema-instance;R17;UniqueID;;7
94;/Geometry/ToothThinningFactor;ToothThinningFactor;ToothThinningFactor;HelicalGearGeometry;http://www.w3.org/2001/XMLSchema-instance;R17;UniqueID;;7
95;/Geometry/TransverseToothThicknessAtDefaultMeasurementDiameter;TransverseToothThicknessAtDefaultMeasurementDiameter;TransverseToothThicknessAtDefaultMeasurementDiameter;HelicalGearGeometry;http://www.w3.org/2001/XMLSchema-instance;R17;UniqueID;m;7
96;/Geometry/TransverseToothThicknessAtFinishedChamferDiameter;TransverseToothThicknessAtFinishedChamferDiameter;TransverseToothThicknessAtFinishedChamferDiameter;HelicalGearGeometry;http://www.w3.org/2001/XMLSchema-instance;R17;UniqueID;m;7
97;/Geometry/TransverseToothThicknessAtReferencePitchDiameter;TransverseToothThicknessAtReferencePitchDiameter;TransverseToothThicknessAtReferencePitchDiameter;HelicalGearGeometry;http://www.w3.org/2001/XMLSchema-instance;R17;UniqueID;m;7
98;/Geometry/Type;Type;Type;HelicalGearGeometry;http://www.w3.org/2001/XMLSchema-instance;R17;UniqueID;;7
99;/Geometry/UseMaxBasicRackRootFilletRadius;UseMaxBasicRackRootFilletRadius;UseMaxBasicRackRootFilletRadius;HelicalGearGeometry;http://www.w3.org/2001/XMLSchema-instance;R17;UniqueID;m;7
100;/Material/@Ref;Material;Material;HelicalGearMaterial;http://www.w3.org/2001/XMLSchema-instance;R17;UniqueID;;7
101;/Lubricant/LubricantDefinition/@Ref;Lubricant;Lubricant;HelicalGearLubricant;http://www.w3.org/2001/XMLSchema-instance;R17;UniqueID;;7
102;/Sections/Element/LeftBoreDiameter;LeftBoreDiameter;LeftBoreDiameter;ShaftSection;http://www.w3.org/2001/XMLSchema-instance;R17;UniqueID;m;3
103;/Sections/Element/LeftDiameter;LeftDiameter;LeftDiameter;ShaftSection;http://www.w3.org/2001/XMLSchema-instance;R17;UniqueID;m;3
104;/Sections/Element/LeftPosition;LeftPosition;LeftPosition;ShaftSection;http://www.w3.org/2001/XMLSchema-instance;R17;UniqueID;m;3
105;/Sections/Element/RightBoreDiameter;RightBoreDiameter;RightBoreDiameter;ShaftSection;http://www.w3.org/2001/XMLSchema-instance;R17;UniqueID;m;3
106;/Sections/Element/RightDiameter;RightDiameter;RightDiameter;ShaftSection;http://www.w3.org/2001/XMLSchema-instance;R17;UniqueID;m;3
107;/Sections/Element/RightPosition;RightPosition;RightPosition;ShaftSection;http://www.w3.org/2001/XMLSchema-instance;R17;UniqueID;m;3
108;/LargestSectionDiameter;LargestSectionDiameter;LargestSectionDiameter;ShaftFeature;http://www.w3.org/2001/XMLSchema-instance;R17;UniqueID;m;3
109;/Length;Length;Length;ShaftFeature;http://www.w3.org/2001/XMLSchema-instance;R17;UniqueID;m;3
110;/Mass;Mass;Mass;ShaftFeature;http://www.w3.org/2001/XMLSchema-instance;R17;UniqueID;m;3
111;/Material/@Ref[1];Material;Material;ShaftFeature;http://www.w3.org/2001/XMLSchema-instance;R17;UniqueID;;3
112;/NomBoreDiameter;NomBoreDiameter;NomBoreDiameter;ShaftFeature;http://www.w3.org/2001/XMLSchema-instance;R17;UniqueID;m;3
113;/PolarInertia;PolarInertia;PolarInertia;ShaftFeature;http://www.w3.org/2001/XMLSchema-instance;R17;UniqueID;kgm2;3
114;/SectionsCount;SectionsCount;SectionsCount;ShaftFeature;http://www.w3.org/2001/XMLSchema-instance;R17;UniqueID;;3
115;/SmallestSectionDiameter;SmallestSectionDiameter;SmallestSectionDiameter;ShaftFeature;http://www.w3.org/2001/XMLSchema-instance;R17;UniqueID;m;3
116;/SurfaceTreatment/@Ref;SurfaceTreatment;SurfaceTreatment;ShaftFeature;http://www.w3.org/2001/XMLSchema-instance;R17;UniqueID;;3
117;/PolarInertia;PolarInertia;PolarInertia;PowerLoadFeature;http://www.w3.org/2001/XMLSchema-instance;R17;UniqueID;kgm2;5
118;/TransverseInertia;TransverseInertia;TransverseInertia;PowerLoadFeature;http://www.w3.org/2001/XMLSchema-instance;R17;UniqueID;kgm2;5
119;/BearingData/@Ref;BearingData;BearingData;BearingFeature;http://www.w3.org/2001/XMLSchema-instance;R17;UniqueID;;4
120;/DampingParameter;DampingParameter;DampingParameter;BearingFeature;http://www.w3.org/2001/XMLSchema-instance;R17;UniqueID;;4
121;/InnerRaceSplitAngularPosition;InnerRaceSplitAngularPosition;InnerRaceSplitAngularPosition;BearingFeature;http://www.w3.org/2001/XMLSchema-instance;R17;UniqueID;;4
122;/InnerRaceSplitAngularPositionForLife;InnerRaceSplitAngularPositionForLife;InnerRaceSplitAngularPositionForLife;BearingFeature;http://www.w3.org/2001/XMLSchema-instance;R17;UniqueID;;4
123;/Lubricant/LubricantDefinition/@Ref;Lubricant;Lubricant;BearingFeature;http://www.w3.org/2001/XMLSchema-instance;R17;UniqueID;;4
124;/OuterRaceSplitAngularPosition;OuterRaceSplitAngularPosition;OuterRaceSplitAngularPosition;BearingFeature;http://www.w3.org/2001/XMLSchema-instance;R17;UniqueID;;4
125;/OuterRaceSplitAngularPositionForLife;OuterRaceSplitAngularPositionForLife;OuterRaceSplitAngularPositionForLife;BearingFeature;http://www.w3.org/2001/XMLSchema-instance;R17;UniqueID;;4
126;/RealDynamicCapacity;RealDynamicCapacity;RealDynamicCapacity;BearingFeature;http://www.w3.org/2001/XMLSchema-instance;R17;UniqueID;;4
127;/RealStaticCapacity;RealStaticCapacity;RealStaticCapacity;BearingFeature;http://www.w3.org/2001/XMLSchema-instance;R17;UniqueID;;4
128;/RibFrictionCoefficient;RibFrictionCoefficient;RibFrictionCoefficient;BearingFeature;http://www.w3.org/2001/XMLSchema-instance;R17;UniqueID;;4
129;/RowLoadShareAxialTolerance;RowLoadShareAxialTolerance;RowLoadShareAxialTolerance;BearingFeature;http://www.w3.org/2001/XMLSchema-instance;R17;UniqueID;;4
130;/Width;Width;Width;BearingFeature;http://www.w3.org/2001/XMLSchema-instance;R17;UniqueID;m;4
131;//Connections/Element[@prefix:type={}];ClutchConnection;SSDClutchConnection;Connection;http://www.w3.org/2001/XMLSchema-instance;R17;UniqueID;;0
132;//Connections/Element[@prefix:type={}];DetailedHelicalGearMesh;SSDDetailedHelicalGearMesh;Connection;http://www.w3.org/2001/XMLSchema-instance;R17;UniqueID;;0
133;//Connections/Element[@prefix:type={}];HousingMountDetail;SSDHousingMountDetail;Connection;http://www.w3.org/2001/XMLSchema-instance;R17;UniqueID;;0
134;//Connections/Element[@prefix:type={}];GearMountDetail;SSDGearMountDetail;Connection;http://www.w3.org/2001/XMLSchema-instance;R17;UniqueID;;0
135;//Connections/Element[@prefix:type={}];MountingDetail;SSDMountingDetail;Connection;http://www.w3.org/2001/XMLSchema-instance;R17;UniqueID;;0
136;//Connections/Element[@prefix:type={}];BearingMountDetail;SSDBrgMountDetail;Connection;http://www.w3.org/2001/XMLSchema-instance;R17;UniqueID;;0
137;/Part1/@Ref[1];Part1ID;Part1;ClutchConnectionFeature;http://www.w3.org/2001/XMLSchema-instance;R17;UniqueID;;131
138;/Part2/@Ref[1];Part2ID;Part2;ClutchConnectionFeature;http://www.w3.org/2001/XMLSchema-instance;R17;UniqueID;;131
139;/Part1/@Ref[1];Part1ID;Part1;HousingMountDetailFeature;http://www.w3.org/2001/XMLSchema-instance;R17;UniqueID;;133
140;/Part2/@Ref[1];Part2ID;Part2;HousingMountDetailFeature;http://www.w3.org/2001/XMLSchema-instance;R17;UniqueID;;133
141;/Part1/@Ref[1];Part1ID;Part1;GearMountDetailFeature;http://www.w3.org/2001/XMLSchema-instance;R17;UniqueID;;134
142;/Part2/@Ref[1];Part2ID;Part2;GearMountDetailFeature;http://www.w3.org/2001/XMLSchema-instance;R17;UniqueID;;134
143;/Offset;Offset;Offset;GearMountDetailFeature;http://www.w3.org/2001/XMLSchema-instance;R17;UniqueID;m;134
144;/Part1/@Ref[1];Part1ID;Part1;MountingDetailFeature;http://www.w3.org/2001/XMLSchema-instance;R17;UniqueID;;135
145;/Part2/@Ref[1];Part2ID;Part2;MountingDetailFeature;http://www.w3.org/2001/XMLSchema-instance;R17;UniqueID;;135
146;/Offset;Offset;Offset;MountingDetailFeature;http://www.w3.org/2001/XMLSchema-instance;R17;UniqueID;m;135
147;/AxialClearanceLeft;AxialClearanceLeft;AxialClearanceLeft;BearingMountFeature;http://www.w3.org/2001/XMLSchema-instance;R17;UniqueID;m;136
148;/AxialClearanceRight;AxialClearanceRight;AxialClearanceRight;BearingMountFeature;http://www.w3.org/2001/XMLSchema-instance;R17;UniqueID;m;136
149;/AxialConstraint;AxialConstraint;AxialConstraint;BearingMountFeature;http://www.w3.org/2001/XMLSchema-instance;R17;UniqueID;m;136
150;/AxialMountingStiffnessLeft;AxialMountingStiffnessLeft;AxialMountingStiffnessLeft;BearingMountFeature;http://www.w3.org/2001/XMLSchema-instance;R17;UniqueID;;136
151;/AxialMountingStiffnessRight;AxialMountingStiffnessRight;AxialMountingStiffnessRight;BearingMountFeature;http://www.w3.org/2001/XMLSchema-instance;R17;UniqueID;m;136
152;/RadialClearance;RadialClearance;RadialClearance;BearingMountFeature;http://www.w3.org/2001/XMLSchema-instance;R17;UniqueID;m;136
153;/RadialConstraint;RadialConstraint;RadialConstraint;BearingMountFeature;http://www.w3.org/2001/XMLSchema-instance;R17;UniqueID;m;136
154;/Offset;Offset;Offset;BearingMountFeature;http://www.w3.org/2001/XMLSchema-instance;R17;UniqueID;;136
155;/Part1/@Ref[1];Part1ID;Part1;BearingMountFeature;http://www.w3.org/2001/XMLSchema-instance;R17;UniqueID;;136
156;/Part2/@Ref[1];Part2ID;Part2;BearingMountFeature;http://www.w3.org/2001/XMLSchema-instance;R17;UniqueID;;136
157;/AgmaEmpiricalAlignment;AgmaEmpiricalAlignment;AgmaEmpiricalAlignment;HelicalGearMeshFeature;http://www.w3.org/2001/XMLSchema-instance;R17;UniqueID;;132
158;/AxialContactRatio;AxialContactRatio;AxialContactRatio;HelicalGearMeshFeature;http://www.w3.org/2001/XMLSchema-instance;R17;UniqueID;;132
159;/BasePitchError;BasePitchError;BasePitchError;HelicalGearMeshFeature;http://www.w3.org/2001/XMLSchema-instance;R17;UniqueID;;132
160;/CentreDistanceExtension;CentreDistanceExtension;CentreDistanceExtension;HelicalGearMeshFeature;http://www.w3.org/2001/XMLSchema-instance;R17;UniqueID;;132
161;/CentreDistanceOverridden;CentreDistanceOverridden;CentreDistanceOverridden;HelicalGearMeshFeature;http://www.w3.org/2001/XMLSchema-instance;R17;UniqueID;;132
162;/DeflectedMeshMisalignment;DeflectedMeshMisalignment;DeflectedMeshMisalignment;HelicalGearMeshFeature;http://www.w3.org/2001/XMLSchema-instance;R17;UniqueID;;132
163;/DiameterToEAPOfGear1;DiameterToEAPOfGear1;DiameterToEAPOfGear1;HelicalGearMeshFeature;http://www.w3.org/2001/XMLSchema-instance;R17;UniqueID;m;132
164;/DiameterToEAPOfGear2;DiameterToEAPOfGear2;DiameterToEAPOfGear2;HelicalGearMeshFeature;http://www.w3.org/2001/XMLSchema-instance;R17;UniqueID;m;132
165;/DiameterToHPSTCOfGear1;DiameterToHPSTCOfGear1;DiameterToHPSTCOfGear1;HelicalGearMeshFeature;http://www.w3.org/2001/XMLSchema-instance;R17;UniqueID;m;132
166;/DiameterToHPSTCOfGear2;DiameterToHPSTCOfGear2;DiameterToHPSTCOfGear2;HelicalGearMeshFeature;http://www.w3.org/2001/XMLSchema-instance;R17;UniqueID;m;132
167;/DiameterToLPSTCOfGear1;DiameterToLPSTCOfGear1;DiameterToLPSTCOfGear1;HelicalGearMeshFeature;http://www.w3.org/2001/XMLSchema-instance;R17;UniqueID;m;132
168;/DiameterToLPSTCOfGear2;DiameterToLPSTCOfGear2;DiameterToLPSTCOfGear2;HelicalGearMeshFeature;http://www.w3.org/2001/XMLSchema-instance;R17;UniqueID;m;132
169;/DiameterToPitchPointOfGear1;DiameterToPitchPointOfGear1;DiameterToPitchPointOfGear1;HelicalGearMeshFeature;http://www.w3.org/2001/XMLSchema-instance;R17;UniqueID;m;132
170;/DiameterToPitchPointOfGear2;DiameterToPitchPointOfGear2;DiameterToPitchPointOfGear2;HelicalGearMeshFeature;http://www.w3.org/2001/XMLSchema-instance;R17;UniqueID;m;132
171;/DiameterToSAPOfGear1;DiameterToSAPOfGear1;DiameterToSAPOfGear1;HelicalGearMeshFeature;http://www.w3.org/2001/XMLSchema-instance;R17;UniqueID;m;132
172;/DiameterToSAPOfGear2;DiameterToSAPOfGear2;DiameterToSAPOfGear2;HelicalGearMeshFeature;http://www.w3.org/2001/XMLSchema-instance;R17;UniqueID;m;132
173;/DiameterToTheoreticalEAPOfGear1;DiameterToTheoreticalEAPOfGear1;DiameterToTheoreticalEAPOfGear1;HelicalGearMeshFeature;http://www.w3.org/2001/XMLSchema-instance;R17;UniqueID;m;132
174;/DiameterToTheoreticalEAPOfGear2;DiameterToTheoreticalEAPOfGear2;DiameterToTheoreticalEAPOfGear2;HelicalGearMeshFeature;http://www.w3.org/2001/XMLSchema-instance;R17;UniqueID;m;132
175;/DiameterToTheoreticalSAPOfGear1;DiameterToTheoreticalSAPOfGear1;DiameterToTheoreticalSAPOfGear1;HelicalGearMeshFeature;http://www.w3.org/2001/XMLSchema-instance;R17;UniqueID;m;132
176;/DiameterToTheoreticalSAPOfGear2;DiameterToTheoreticalSAPOfGear2;DiameterToTheoreticalSAPOfGear2;HelicalGearMeshFeature;http://www.w3.org/2001/XMLSchema-instance;R17;UniqueID;m;132
177;/FinishedNormalBacklash;FinishedNormalBacklash;FinishedNormalBacklash;HelicalGearMeshFeature;http://www.w3.org/2001/XMLSchema-instance;R17;UniqueID;m;132
178;/FinishedRadialBacklash;FinishedRadialBacklash;FinishedRadialBacklash;HelicalGearMeshFeature;http://www.w3.org/2001/XMLSchema-instance;R17;UniqueID;m;132
179;/FinishedTransverseBacklash;FinishedTransverseBacklash;FinishedTransverseBacklash;HelicalGearMeshFeature;http://www.w3.org/2001/XMLSchema-instance;R17;UniqueID;m;132
180;/FormDiameterToSAPClearanceOfGear1;FormDiameterToSAPClearanceOfGear1;FormDiameterToSAPClearanceOfGear1;HelicalGearMeshFeature;http://www.w3.org/2001/XMLSchema-instance;R17;UniqueID;m;132
181;/FormDiameterToSAPClearanceOfGear2;FormDiameterToSAPClearanceOfGear2;FormDiameterToSAPClearanceOfGear2;HelicalGearMeshFeature;http://www.w3.org/2001/XMLSchema-instance;R17;UniqueID;m;132
182;/Gear1Ratio;Gear1Ratio;Gear1Ratio;HelicalGearMeshFeature;http://www.w3.org/2001/XMLSchema-instance;R17;UniqueID;;132
183;/Gear1RatioFraction;Gear1RatioFraction;Gear1RatioFraction;HelicalGearMeshFeature;http://www.w3.org/2001/XMLSchema-instance;R17;UniqueID;;132
184;/IsPositionedOK;IsPositionedOK;IsPositionedOK;HelicalGearMeshFeature;http://www.w3.org/2001/XMLSchema-instance;R17;UniqueID;;132
185;/KHbeta;KHbeta;KHbeta;HelicalGearMeshFeature;http://www.w3.org/2001/XMLSchema-instance;R17;UniqueID;;132
186;/KHbetaCalculated;KHbetaCalculated;KHbetaCalculated;HelicalGearMeshFeature;http://www.w3.org/2001/XMLSchema-instance;R17;UniqueID;;132
187;/LengthOfActiveProfile;LengthOfActiveProfile;LengthOfActiveProfile;HelicalGearMeshFeature;http://www.w3.org/2001/XMLSchema-instance;R17;UniqueID;m;132
188;/LengthOfLineOfAction;LengthOfLineOfAction;LengthOfLineOfAction;HelicalGearMeshFeature;http://www.w3.org/2001/XMLSchema-instance;R17;UniqueID;m;132
189;/ManufacturedMeshMisalignment;ManufacturedMeshMisalignment;ManufacturedMeshMisalignment;HelicalGearMeshFeature;http://www.w3.org/2001/XMLSchema-instance;R17;UniqueID;m;132
190;/MidFaceOffsetForGear1;MidFaceOffsetForGear1;MidFaceOffsetForGear1;HelicalGearMeshFeature;http://www.w3.org/2001/XMLSchema-instance;R17;UniqueID;m;132
191;/NormalBacklashAtNominalThickness;NormalBacklashAtNominalThickness;NormalBacklashAtNominalThickness;HelicalGearMeshFeature;http://www.w3.org/2001/XMLSchema-instance;R17;UniqueID;m;132
192;/NormalToothThicknessAtWorkingPitchDiameterOfGear1;NormalToothThicknessAtWorkingPitchDiameterOfGear1;NormalToothThicknessAtWorkingPitchDiameterOfGear1;HelicalGearMeshFeature;http://www.w3.org/2001/XMLSchema-instance;R17;UniqueID;m;132
193;/NormalToothThicknessAtWorkingPitchDiameterOfGear2;NormalToothThicknessAtWorkingPitchDiameterOfGear2;NormalToothThicknessAtWorkingPitchDiameterOfGear2;HelicalGearMeshFeature;http://www.w3.org/2001/XMLSchema-instance;R17;UniqueID;m;132
194;/PositionedCentreDistance;PositionedCentreDistance;PositionedCentreDistance;HelicalGearMeshFeature;http://www.w3.org/2001/XMLSchema-instance;R17;UniqueID;m;132
195;/PositiveBacklashProportion;PositiveBacklashProportion;PositiveBacklashProportion;HelicalGearMeshFeature;http://www.w3.org/2001/XMLSchema-instance;R17;UniqueID;;132
196;/RadialBacklashAtNominalThickness;RadialBacklashAtNominalThickness;RadialBacklashAtNominalThickness;HelicalGearMeshFeature;http://www.w3.org/2001/XMLSchema-instance;R17;UniqueID;;132
197;/RatioWheelPinion;RatioWheelPinion;RatioWheelPinion;HelicalGearMeshFeature;http://www.w3.org/2001/XMLSchema-instance;R17;UniqueID;;132
198;/ReferenceCentreDistance;ReferenceCentreDistance;ReferenceCentreDistance;HelicalGearMeshFeature;http://www.w3.org/2001/XMLSchema-instance;R17;UniqueID;m;132
199;/RequiredSumOfAddendumModCoeff;RequiredSumOfAddendumModCoeff;RequiredSumOfAddendumModCoeff;HelicalGearMeshFeature;http://www.w3.org/2001/XMLSchema-instance;R17;UniqueID;;132
200;/RollAngleToEAPOfGear1;RollAngleToEAPOfGear1;RollAngleToEAPOfGear1;HelicalGearMeshFeature;http://www.w3.org/2001/XMLSchema-instance;R17;UniqueID;rad;132
201;/RollAngleToEAPOfGear2;RollAngleToEAPOfGear2;RollAngleToEAPOfGear2;HelicalGearMeshFeature;http://www.w3.org/2001/XMLSchema-instance;R17;UniqueID;rad;132
202;/RollAngleToHPSTCOfGear1;RollAngleToHPSTCOfGear1;RollAngleToHPSTCOfGear1;HelicalGearMeshFeature;http://www.w3.org/2001/XMLSchema-instance;R17;UniqueID;rad;132
203;/RollAngleToHPSTCOfGear2;RollAngleToHPSTCOfGear2;RollAngleToHPSTCOfGear2;HelicalGearMeshFeature;http://www.w3.org/2001/XMLSchema-instance;R17;UniqueID;rad;132
204;/RollAngleToLPSTCOfGear1;RollAngleToLPSTCOfGear1;RollAngleToLPSTCOfGear1;HelicalGearMeshFeature;http://www.w3.org/2001/XMLSchema-instance;R17;UniqueID;rad;132
205;/RollAngleToLPSTCOfGear2;RollAngleToLPSTCOfGear2;RollAngleToLPSTCOfGear2;HelicalGearMeshFeature;http://www.w3.org/2001/XMLSchema-instance;R17;UniqueID;rad;132
206;/RollAngleToPitchPointOfGear1;RollAngleToPitchPointOfGear1;RollAngleToPitchPointOfGear1;HelicalGearMeshFeature;http://www.w3.org/2001/XMLSchema-instance;R17;UniqueID;rad;132
207;/RollAngleToPitchPointOfGear2;RollAngleToPitchPointOfGear2;RollAngleToPitchPointOfGear2;HelicalGearMeshFeature;http://www.w3.org/2001/XMLSchema-instance;R17;UniqueID;rad;132
208;/RollAngleToSAPOfGear1;RollAngleToSAPOfGear1;RollAngleToSAPOfGear1;HelicalGearMeshFeature;http://www.w3.org/2001/XMLSchema-instance;R17;UniqueID;rad;132
209;/RollAngleToSAPOfGear2;RollAngleToSAPOfGear2;RollAngleToSAPOfGear2;HelicalGearMeshFeature;http://www.w3.org/2001/XMLSchema-instance;R17;UniqueID;rad;132
210;/RollDistanceToEAPOfGear1;RollDistanceToEAPOfGear1;RollDistanceToEAPOfGear1;HelicalGearMeshFeature;http://www.w3.org/2001/XMLSchema-instance;R17;UniqueID;rad;132
211;/RollDistanceToEAPOfGear2;RollDistanceToEAPOfGear2;RollDistanceToEAPOfGear2;HelicalGearMeshFeature;http://www.w3.org/2001/XMLSchema-instance;R17;UniqueID;rad;132
212;/RollDistanceToHPSTCOfGear1;RollDistanceToHPSTCOfGear1;RollDistanceToHPSTCOfGear1;HelicalGearMeshFeature;http://www.w3.org/2001/XMLSchema-instance;R17;UniqueID;rad;132
213;/RollDistanceToHPSTCOfGear2;RollDistanceToHPSTCOfGear2;RollDistanceToHPSTCOfGear2;HelicalGearMeshFeature;http://www.w3.org/2001/XMLSchema-instance;R17;UniqueID;rad;132
214;/RollDistanceToLPSTCOfGear1;RollDistanceToLPSTCOfGear1;RollDistanceToLPSTCOfGear1;HelicalGearMeshFeature;http://www.w3.org/2001/XMLSchema-instance;R17;UniqueID;rad;132
215;/RollDistanceToLPSTCOfGear2;RollDistanceToLPSTCOfGear2;RollDistanceToLPSTCOfGear2;HelicalGearMeshFeature;http://www.w3.org/2001/XMLSchema-instance;R17;UniqueID;rad;132
216;/RollDistanceToPitchPointOfGear1;RollDistanceToPitchPointOfGear1;RollDistanceToPitchPointOfGear1;HelicalGearMeshFeature;http://www.w3.org/2001/XMLSchema-instance;R17;UniqueID;rad;132
217;/RollDistanceToPitchPointOfGear2;RollDistanceToPitchPointOfGear2;RollDistanceToPitchPointOfGear2;HelicalGearMeshFeature;http://www.w3.org/2001/XMLSchema-instance;R17;UniqueID;rad;132
218;/RollDistanceToSAPOfGear1;RollDistanceToSAPOfGear1;RollDistanceToSAPOfGear1;HelicalGearMeshFeature;http://www.w3.org/2001/XMLSchema-instance;R17;UniqueID;rad;132
219;/RollDistanceToSAPOfGear2;RollDistanceToSAPOfGear2;RollDistanceToSAPOfGear2;HelicalGearMeshFeature;http://www.w3.org/2001/XMLSchema-instance;R17;UniqueID;rad;132
220;/SumOfAddendumModCoeff;SumOfAddendumModCoeff;SumOfAddendumModCoeff;HelicalGearMeshFeature;http://www.w3.org/2001/XMLSchema-instance;R17;UniqueID;;132
221;/TipContactParameterOfGear1;TipContactParameterOfGear1;TipContactParameterOfGear1;HelicalGearMeshFeature;http://www.w3.org/2001/XMLSchema-instance;R17;UniqueID;;132
222;/TipContactParameterOfGear2;TipContactParameterOfGear2;TipContactParameterOfGear2;HelicalGearMeshFeature;http://www.w3.org/2001/XMLSchema-instance;R17;UniqueID;;132
223;/TipSlideRollRatioOfGear1;TipSlideRollRatioOfGear1;TipSlideRollRatioOfGear1;HelicalGearMeshFeature;http://www.w3.org/2001/XMLSchema-instance;R17;UniqueID;;132
224;/TipSlideRollRatioOfGear2;TipSlideRollRatioOfGear2;TipSlideRollRatioOfGear2;HelicalGearMeshFeature;http://www.w3.org/2001/XMLSchema-instance;R17;UniqueID;;132
225;/TipToBaseCircleClearanceOfGear1;TipToBaseCircleClearanceOfGear1;TipToBaseCircleClearanceOfGear1;HelicalGearMeshFeature;http://www.w3.org/2001/XMLSchema-instance;R17;UniqueID;;132
226;/TipToBaseCircleClearanceOfGear2;TipToBaseCircleClearanceOfGear2;TipToBaseCircleClearanceOfGear2;HelicalGearMeshFeature;http://www.w3.org/2001/XMLSchema-instance;R17;UniqueID;;132
227;/TotalBacklash;TotalBacklash;TotalBacklash;HelicalGearMeshFeature;http://www.w3.org/2001/XMLSchema-instance;R17;UniqueID;;132
228;/TotalContactRatio;TotalContactRatio;TotalContactRatio;HelicalGearMeshFeature;http://www.w3.org/2001/XMLSchema-instance;R17;UniqueID;;132
229;/TransverseBacklashAtNominalThickness;TransverseBacklashAtNominalThickness;TransverseBacklashAtNominalThickness;HelicalGearMeshFeature;http://www.w3.org/2001/XMLSchema-instance;R17;UniqueID;m;132
230;/TransverseBasePitch;TransverseBasePitch;TransverseBasePitch;HelicalGearMeshFeature;http://www.w3.org/2001/XMLSchema-instance;R17;UniqueID;;132
231;/TransverseContactRatio;TransverseContactRatio;TransverseContactRatio;HelicalGearMeshFeature;http://www.w3.org/2001/XMLSchema-instance;R17;UniqueID;;132
232;/TransversePressureAngle;TransversePressureAngle;TransversePressureAngle;HelicalGearMeshFeature;http://www.w3.org/2001/XMLSchema-instance;R17;UniqueID;rad;132
233;/TransverseToothThicknessAtWorkingPitchDiameterOfGear1;TransverseToothThicknessAtWorkingPitchDiameterOfGear1;TransverseToothThicknessAtWorkingPitchDiameterOfGear1;HelicalGearMeshFeature;http://www.w3.org/2001/XMLSchema-instance;R17;UniqueID;m;132
234;/TransverseToothThicknessAtWorkingPitchDiameterOfGear2;TransverseToothThicknessAtWorkingPitchDiameterOfGear2;TransverseToothThicknessAtWorkingPitchDiameterOfGear2;HelicalGearMeshFeature;http://www.w3.org/2001/XMLSchema-instance;R17;UniqueID;m;132
235;/WorkingCentreDistance;WorkingCentreDistance;WorkingCentreDistance;HelicalGearMeshFeature;http://www.w3.org/2001/XMLSchema-instance;R17;UniqueID;m;132
236;/WorkingCentreDistanceIsGearboxDefined;WorkingCentreDistanceIsGearboxDefined;WorkingCentreDistanceIsGearboxDefined;HelicalGearMeshFeature;http://www.w3.org/2001/XMLSchema-instance;R17;UniqueID;m;132
237;/WorkingCentreDistanceIsOK;WorkingCentreDistanceIsOK;WorkingCentreDistanceIsOK;HelicalGearMeshFeature;http://www.w3.org/2001/XMLSchema-instance;R17;UniqueID;m;132
238;/WorkingFaceWidth;WorkingFaceWidth;WorkingFaceWidth;HelicalGearMeshFeature;http://www.w3.org/2001/XMLSchema-instance;R17;UniqueID;m;132
239;/WorkingHelixAngle;WorkingHelixAngle;WorkingHelixAngle;HelicalGearMeshFeature;http://www.w3.org/2001/XMLSchema-instance;R17;UniqueID;rad;132
240;/WorkingPitchDiameterOfGear1;WorkingPitchDiameterOfGear1;WorkingPitchDiameterOfGear1;HelicalGearMeshFeature;http://www.w3.org/2001/XMLSchema-instance;R17;UniqueID;m;132
241;/WorkingPitchDiameterOfGear2;WorkingPitchDiameterOfGear2;WorkingPitchDiameterOfGear2;HelicalGearMeshFeature;http://www.w3.org/2001/XMLSchema-instance;R17;UniqueID;m;132
242;/WorkingPressureAngle;WorkingPressureAngle;WorkingPressureAngle;HelicalGearMeshFeature;http://www.w3.org/2001/XMLSchema-instance;R17;UniqueID;rad;132
243;/Part1/@Ref[1];Part1ID;Part1;HelicalGearMeshFeature;http://www.w3.org/2001/XMLSchema-instance;R17;UniqueID;;132
244;/Part2/@Ref[1];Part2ID;Part2;HelicalGearMeshFeature;http://www.w3.org/2001/XMLSchema-instance;R17;UniqueID;;132
245;//Database/Element[@prefix:type={}];LubricantData;OFWLubricant;DataBase;http://www.w3.org/2001/XMLSchema-instance;R17;UniqueID;;0
246;//Database/Element[@prefix:type={}];ShaftMaterialData;OFWShaftMaterial;DataBase;http://www.w3.org/2001/XMLSchema-instance;R17;UniqueID;;0
247;//Database/Element[@prefix:type={}];GearMaterialData;SSDGearMaterialCondition;DataBase;http://www.w3.org/2001/XMLSchema-instance;R17;UniqueID;;0
248;//Database/Element[@prefix:type={}];NeedleRollerBearingData;SSDNeedleRollerBearingType;DataBase;http://www.w3.org/2001/XMLSchema-instance;R17;UniqueID;;0
249;//Database/Element[@prefix:type={}];RadialBallBearingData;SSDRadialBallBearingType;DataBase;http://www.w3.org/2001/XMLSchema-instance;R17;UniqueID;;0
250;//Database/Element[@prefix:type={}];SurfaceTreatmentData;SSDSurfaceTreatment;DataBase;http://www.w3.org/2001/XMLSchema-instance;R17;UniqueID;;0
251;/FzgMicropittingTestFailStageTemperature;FzgMicropittingTestFailStageTemperature;FzgMicropittingTestFailStageTemperature;LubricantFeature;http://www.w3.org/2001/XMLSchema-instance;R17;UniqueID;;245
252;/Density;Density;Density;LubricantFeature;http://www.w3.org/2001/XMLSchema-instance;R17;UniqueID;;245
253;/LubricantFactorPower;LubricantFactorPower;LubricantFactorPower;LubricantFeature;http://www.w3.org/2001/XMLSchema-instance;R17;UniqueID;;245
254;/KinematicViscosity2;KinematicViscosity2;KinematicViscosity2;LubricantFeature;http://www.w3.org/2001/XMLSchema-instance;R17;UniqueID;;245
255;/FzgScuffingTestFailStage;FzgScuffingTestFailStage;FzgScuffingTestFailStage;LubricantFeature;http://www.w3.org/2001/XMLSchema-instance;R17;UniqueID;;245
256;/FzgMicropittingTestFailStage;FzgMicropittingTestFailStage;FzgMicropittingTestFailStage;LubricantFeature;http://www.w3.org/2001/XMLSchema-instance;R17;UniqueID;;245
257;/KinematicViscosity1;KinematicViscosity1;KinematicViscosity1;LubricantFeature;http://www.w3.org/2001/XMLSchema-instance;R17;UniqueID;;245
258;/ParameterK;ParameterK;ParameterK;LubricantFeature;http://www.w3.org/2001/XMLSchema-instance;R17;UniqueID;;245
259;/ParameterS;ParameterS;ParameterS;LubricantFeature;http://www.w3.org/2001/XMLSchema-instance;R17;UniqueID;;245
260;/PvCoefficient;PvCoefficient;PvCoefficient;LubricantFeature;http://www.w3.org/2001/XMLSchema-instance;R17;UniqueID;;245
261;/PvCoefficientGoldParameterM;PvCoefficientGoldParameterM;PvCoefficientGoldParameterM;LubricantFeature;http://www.w3.org/2001/XMLSchema-instance;R17;UniqueID;;245
262;/PvCoefficientGoldParameterN;PvCoefficientGoldParameterN;PvCoefficientGoldParameterN;LubricantFeature;http://www.w3.org/2001/XMLSchema-instance;R17;UniqueID;;245
263;/PvCoefficientISO;PvCoefficientISO;PvCoefficientISO;LubricantFeature;http://www.w3.org/2001/XMLSchema-instance;R17;UniqueID;;245
264;/SpecificHeat;SpecificHeat;SpecificHeat;LubricantFeature;http://www.w3.org/2001/XMLSchema-instance;R17;UniqueID;;245
265;/AdvancedData/AxialAllowableStressValue;AxialAllowableStressValue;AxialAllowableStressValue;AdvancedShaftMaterialData;http://www.w3.org/2001/XMLSchema-instance;R17;UniqueID;;246
266;/AdvancedData/BendingAllowableStressValue;BendingAllowableStressValue;BendingAllowableStressValue;AdvancedShaftMaterialData;http://www.w3.org/2001/XMLSchema-instance;R17;UniqueID;;246
267;/AdvancedData/LowenthalBendingAllowableStressValue;LowenthalBendingAllowableStressValue;LowenthalBendingAllowableStressValue;AdvancedShaftMaterialData;http://www.w3.org/2001/XMLSchema-instance;R17;UniqueID;;246
268;/AdvancedData/SeverityOfKf;SeverityOfKf;SeverityOfKf;AdvancedShaftMaterialData;http://www.w3.org/2001/XMLSchema-instance;R17;UniqueID;;246
269;/AdvancedData/TorsionAllowableStressValue;TorsionAllowableStressValue;TorsionAllowableStressValue;AdvancedShaftMaterialData;http://www.w3.org/2001/XMLSchema-instance;R17;UniqueID;;246
270;/AdvancedData/UltimateShearStrength;UltimateShearStrength;UltimateShearStrength;AdvancedShaftMaterialData;http://www.w3.org/2001/XMLSchema-instance;R17;UniqueID;;246
271;/AdvancedData/YieldShearStrength;YieldShearStrength;YieldShearStrength;AdvancedShaftMaterialData;http://www.w3.org/2001/XMLSchema-instance;R17;UniqueID;;246
272;/CoeffExp;CoeffExp;TorsionAllowableStressValue;ShaftMaterialData;http://www.w3.org/2001/XMLSchema-instance;R17;UniqueID;;246
273;/CostPerKg;CostPerKg;UltimateShearStrength;ShaftMaterialData;http://www.w3.org/2001/XMLSchema-instance;R17;UniqueID;;246
274;/DampingCoefficient;DampingCoefficient;YieldShearStrength;ShaftMaterialData;http://www.w3.org/2001/XMLSchema-instance;R17;UniqueID;;246
275;/Density;Density;TorsionAllowableStressValue;ShaftMaterialData;http://www.w3.org/2001/XMLSchema-instance;R17;UniqueID;;246
276;/MaterialType;MaterialType;UltimateShearStrength;ShaftMaterialData;http://www.w3.org/2001/XMLSchema-instance;R17;UniqueID;;246
277;/Poisson;Poisson;YieldShearStrength;ShaftMaterialData;http://www.w3.org/2001/XMLSchema-instance;R17;UniqueID;;246
278;/RigidityMod;RigidityMod;TorsionAllowableStressValue;ShaftMaterialData;http://www.w3.org/2001/XMLSchema-instance;R17;UniqueID;;246
279;/UltimateTensileStrength;UltimateTensileStrength;UltimateShearStrength;ShaftMaterialData;http://www.w3.org/2001/XMLSchema-instance;R17;UniqueID;;246
280;/YieldStrength;YieldStrength;YieldShearStrength;ShaftMaterialData;http://www.w3.org/2001/XMLSchema-instance;R17;UniqueID;;246
281;/YoungsMod;YoungsMod;TorsionAllowableStressValue;ShaftMaterialData;http://www.w3.org/2001/XMLSchema-instance;R17;UniqueID;;246
282;/AgmaAllowableBendingStress;AgmaAllowableBendingStress;AgmaAllowableBendingStress;GearMaterialFeature;http://www.w3.org/2001/XMLSchema-instance;R17;UniqueID;;247
283;/AgmaAllowableContactStress;AgmaAllowableContactStress;AgmaAllowableContactStress;GearMaterialFeature;http://www.w3.org/2001/XMLSchema-instance;R17;UniqueID;;247
284;/AgmaQualityGrade;AgmaQualityGrade;AgmaQualityGrade;GearMaterialFeature;http://www.w3.org/2001/XMLSchema-instance;R17;UniqueID;;247
285;/CoeffExp;CoeffExp;CoeffExp;GearMaterialFeature;http://www.w3.org/2001/XMLSchema-instance;R17;UniqueID;;247
286;/CoreHardness;CoreHardness;CoreHardness;GearMaterialFeature;http://www.w3.org/2001/XMLSchema-instance;R17;UniqueID;;247
287;/CoreHardnessUnit;CoreHardnessUnit;CoreHardnessUnit;GearMaterialFeature;http://www.w3.org/2001/XMLSchema-instance;R17;UniqueID;;247
288;/CostPerKg;CostPerKg;CostPerKg;GearMaterialFeature;http://www.w3.org/2001/XMLSchema-instance;R17;UniqueID;;247
289;/DampingCoefficient;DampingCoefficient;DampingCoefficient;GearMaterialFeature;http://www.w3.org/2001/XMLSchema-instance;R17;UniqueID;;247
290;/Density;Density;Density;GearMaterialFeature;http://www.w3.org/2001/XMLSchema-instance;R17;UniqueID;;247
291;/Description;Description;Description;GearMaterialFeature;http://www.w3.org/2001/XMLSchema-instance;R17;UniqueID;;247
292;/DinAllowableBendingStress;DinAllowableBendingStress;DinAllowableBendingStress;GearMaterialFeature;http://www.w3.org/2001/XMLSchema-instance;R17;UniqueID;;247
293;/DinAllowableContactStress;DinAllowableContactStress;DinAllowableContactStress;GearMaterialFeature;http://www.w3.org/2001/XMLSchema-instance;R17;UniqueID;;247
294;/GleasonAllowableBendingStress;GleasonAllowableBendingStress;GleasonAllowableBendingStress;GearMaterialFeature;http://www.w3.org/2001/XMLSchema-instance;R17;UniqueID;;247
295;/GleasonAllowableContactStress;GleasonAllowableContactStress;GleasonAllowableContactStress;GearMaterialFeature;http://www.w3.org/2001/XMLSchema-instance;R17;UniqueID;;247
296;/GleasonBendingFatigue;GleasonBendingFatigue;GleasonBendingFatigue;GearMaterialFeature;http://www.w3.org/2001/XMLSchema-instance;R17;UniqueID;;247
297;/GleasonContactFatigue;GleasonContactFatigue;GleasonContactFatigue;GearMaterialFeature;http://www.w3.org/2001/XMLSchema-instance;R17;UniqueID;;247
298;/IsPittingAllowed;IsPittingAllowed;IsPittingAllowed;GearMaterialFeature;http://www.w3.org/2001/XMLSchema-instance;R17;UniqueID;;247
299;/IsReadOnly;IsReadOnly;IsReadOnly;GearMaterialFeature;http://www.w3.org/2001/XMLSchema-instance;R17;UniqueID;;247
300;/Iso15144MaterialFactor;Iso15144MaterialFactor;Iso15144MaterialFactor;GearMaterialFeature;http://www.w3.org/2001/XMLSchema-instance;R17;UniqueID;;247
301;/IsoAllowableBendingStress;IsoAllowableBendingStress;IsoAllowableBendingStress;GearMaterialFeature;http://www.w3.org/2001/XMLSchema-instance;R17;UniqueID;;247
302;/IsoAllowableContactStress;IsoAllowableContactStress;IsoAllowableContactStress;GearMaterialFeature;http://www.w3.org/2001/XMLSchema-instance;R17;UniqueID;;247
303;/IsoMaterialType;IsoMaterialType;IsoMaterialType;GearMaterialFeature;http://www.w3.org/2001/XMLSchema-instance;R17;UniqueID;;247
304;/IsoQualityGrade;IsoQualityGrade;IsoQualityGrade;GearMaterialFeature;http://www.w3.org/2001/XMLSchema-instance;R17;UniqueID;;247
305;/MaterialType;MaterialType;MaterialType;GearMaterialFeature;http://www.w3.org/2001/XMLSchema-instance;R17;UniqueID;;247
306;/NameWithClass;NameWithClass;NameWithClass;GearMaterialFeature;http://www.w3.org/2001/XMLSchema-instance;R17;UniqueID;;247
307;/Poisson;Poisson;Poisson;GearMaterialFeature;http://www.w3.org/2001/XMLSchema-instance;R17;UniqueID;;247
308;/ProbabilityOfDamage;ProbabilityOfDamage;ProbabilityOfDamage;GearMaterialFeature;http://www.w3.org/2001/XMLSchema-instance;R17;UniqueID;;247
309;/RigidityMod;RigidityMod;RigidityMod;GearMaterialFeature;http://www.w3.org/2001/XMLSchema-instance;R17;UniqueID;;247
310;/ScuffingStructuralFactor;ScuffingStructuralFactor;ScuffingStructuralFactor;GearMaterialFeature;http://www.w3.org/2001/XMLSchema-instance;R17;UniqueID;;247
311;/Source;Source;Source;GearMaterialFeature;http://www.w3.org/2001/XMLSchema-instance;R17;UniqueID;;247
312;/SpecificHeat;SpecificHeat;SpecificHeat;GearMaterialFeature;http://www.w3.org/2001/XMLSchema-instance;R17;UniqueID;;247
313;/SurfaceHardness;SurfaceHardness;SurfaceHardness;GearMaterialFeature;http://www.w3.org/2001/XMLSchema-instance;R17;UniqueID;;247
314;/SurfaceHardnessUnit;SurfaceHardnessUnit;SurfaceHardnessUnit;GearMaterialFeature;http://www.w3.org/2001/XMLSchema-instance;R17;UniqueID;;247
315;/SurfaceTreatment;SurfaceTreatment;SurfaceTreatment;GearMaterialFeature;http://www.w3.org/2001/XMLSchema-instance;R17;UniqueID;;247
316;/ThermalConductivity;ThermalConductivity;ThermalConductivity;GearMaterialFeature;http://www.w3.org/2001/XMLSchema-instance;R17;UniqueID;;247
317;/UltimateTensileStrength;UltimateTensileStrength;UltimateTensileStrength;GearMaterialFeature;http://www.w3.org/2001/XMLSchema-instance;R17;UniqueID;;247
318;/YieldStrength;YieldStrength;YieldStrength;GearMaterialFeature;http://www.w3.org/2001/XMLSchema-instance;R17;UniqueID;;247
319;/YoungsMod;YoungsMod;YoungsMod;GearMaterialFeature;http://www.w3.org/2001/XMLSchema-instance;R17;UniqueID;;247
320;/IsoBendingFatigue/EnduranceEndPoint;EnduranceEndPoint;EnduranceEndPoint;GearMaterialIsoBendingFatigue;http://www.w3.org/2001/XMLSchema-instance;R17;UniqueID;;247
321;/IsoBendingFatigue/EnduranceStartPoint;EnduranceStartPoint;EnduranceStartPoint;GearMaterialIsoBendingFatigue;http://www.w3.org/2001/XMLSchema-instance;R17;UniqueID;;247
322;/IsoBendingFatigue/FatiguePoint;FatiguePoint;FatiguePoint;GearMaterialIsoBendingFatigue;http://www.w3.org/2001/XMLSchema-instance;R17;UniqueID;;247
323;/IsoBendingFatigue/YieldPoint;YieldPoint;YieldPoint;GearMaterialIsoBendingFatigue;http://www.w3.org/2001/XMLSchema-instance;R17;UniqueID;;247
324;/IsoContactFatigue/EnduranceEndPoint;EnduranceEndPoint;EnduranceEndPoint;GearMaterialIsoContactFatigue;http://www.w3.org/2001/XMLSchema-instance;R17;UniqueID;;247
325;/IsoContactFatigue/EnduranceStartPoint;EnduranceStartPoint;EnduranceStartPoint;GearMaterialIsoContactFatigue;http://www.w3.org/2001/XMLSchema-instance;R17;UniqueID;;247
326;/IsoContactFatigue/FatiguePoint;FatiguePoint;FatiguePoint;GearMaterialIsoContactFatigue;http://www.w3.org/2001/XMLSchema-instance;R17;UniqueID;;247
327;/IsoContactFatigue/YieldPoint;YieldPoint;YieldPoint;GearMaterialIsoContactFatigue;http://www.w3.org/2001/XMLSchema-instance;R17;UniqueID;;247
328;/DinBendingFatigue/EnduranceEndPoint;EnduranceEndPoint;EnduranceEndPoint;GearMaterialDinBendingFatigue;http://www.w3.org/2001/XMLSchema-instance;R17;UniqueID;;247
329;/DinBendingFatigue/EnduranceStartPoint;EnduranceStartPoint;EnduranceStartPoint;GearMaterialDinBendingFatigue;http://www.w3.org/2001/XMLSchema-instance;R17;UniqueID;;247
330;/DinBendingFatigue/FatiguePoint;FatiguePoint;FatiguePoint;GearMaterialDinBendingFatigue;http://www.w3.org/2001/XMLSchema-instance;R17;UniqueID;;247
331;/DinBendingFatigue/YieldPoint;YieldPoint;YieldPoint;GearMaterialDinBendingFatigue;http://www.w3.org/2001/XMLSchema-instance;R17;UniqueID;;247
332;/DinContactFatigue/EnduranceEndPoint;EnduranceEndPoint;EnduranceEndPoint;GearMaterialDinContactFatigue;http://www.w3.org/2001/XMLSchema-instance;R17;UniqueID;;247
333;/DinContactFatigue/EnduranceStartPoint;EnduranceStartPoint;EnduranceStartPoint;GearMaterialDinContactFatigue;http://www.w3.org/2001/XMLSchema-instance;R17;UniqueID;;247
334;/DinContactFatigue/FatiguePoint;FatiguePoint;FatiguePoint;GearMaterialDinContactFatigue;http://www.w3.org/2001/XMLSchema-instance;R17;UniqueID;;247
335;/DinContactFatigue/YieldPoint;YieldPoint;YieldPoint;GearMaterialDinContactFatigue;http://www.w3.org/2001/XMLSchema-instance;R17;UniqueID;;247
336;/lAgmaBendingFatigue/EnduranceEndPoint;EnduranceEndPoint;EnduranceEndPoint;GearMaterialAgmaBendingFatigue;http://www.w3.org/2001/XMLSchema-instance;R17;UniqueID;;247
337;/lAgmaBendingFatigue/EnduranceStartPoint;EnduranceStartPoint;EnduranceStartPoint;GearMaterialAgmaBendingFatigue;http://www.w3.org/2001/XMLSchema-instance;R17;UniqueID;;247
338;/lAgmaBendingFatigue/FatiguePoint;FatiguePoint;FatiguePoint;GearMaterialAgmaBendingFatigue;http://www.w3.org/2001/XMLSchema-instance;R17;UniqueID;;247
339;/lAgmaBendingFatigue/YieldPoint;YieldPoint;YieldPoint;GearMaterialAgmaBendingFatigue;http://www.w3.org/2001/XMLSchema-instance;R17;UniqueID;;247
340;/AgmaContactFatigue/EnduranceEndPoint;EnduranceEndPoint;EnduranceEndPoint;GearMaterialAgmaContactFatigue;http://www.w3.org/2001/XMLSchema-instance;R17;UniqueID;;247
341;/AgmaContactFatigue/EnduranceStartPoint;EnduranceStartPoint;EnduranceStartPoint;GearMaterialAgmaContactFatigue;http://www.w3.org/2001/XMLSchema-instance;R17;UniqueID;;247
342;/AgmaContactFatigue/FatiguePoint;FatiguePoint;FatiguePoint;GearMaterialAgmaContactFatigue;http://www.w3.org/2001/XMLSchema-instance;R17;UniqueID;;247
343;/AgmaContactFatigue/YieldPoint;YieldPoint;YieldPoint;GearMaterialAgmaContactFatigue;http://www.w3.org/2001/XMLSchema-instance;R17;UniqueID;;247
344;/BmFactor;BmFactor;BmFactor;NeedleRollerBearingFeature;http://www.w3.org/2001/XMLSchema-instance;R17;UniqueID;;248
345;/Bore;Bore;Bore;NeedleRollerBearingFeature;http://www.w3.org/2001/XMLSchema-instance;R17;UniqueID;;248
346;/CrownType;CrownType;CrownType;NeedleRollerBearingFeature;http://www.w3.org/2001/XMLSchema-instance;R17;UniqueID;;248
347;/Description;Description;Description;NeedleRollerBearingFeature;http://www.w3.org/2001/XMLSchema-instance;R17;UniqueID;;248
348;/DesignLoad;DesignLoad;DesignLoad;NeedleRollerBearingFeature;http://www.w3.org/2001/XMLSchema-instance;R17;UniqueID;;248
349;/Designation;Designation;Designation;NeedleRollerBearingFeature;http://www.w3.org/2001/XMLSchema-instance;R17;UniqueID;;248
350;/DynamicCapacity;DynamicCapacity;DynamicCapacity;NeedleRollerBearingFeature;http://www.w3.org/2001/XMLSchema-instance;R17;UniqueID;;248
351;/ElementDiameter;ElementDiameter;ElementDiameter;NeedleRollerBearingFeature;http://www.w3.org/2001/XMLSchema-instance;R17;UniqueID;;248
352;/ElementLength;ElementLength;ElementLength;NeedleRollerBearingFeature;http://www.w3.org/2001/XMLSchema-instance;R17;UniqueID;;248
353;/ElementMaterial/@Ref;ElementMaterial;ElementMaterial;NeedleRollerBearingFeature;http://www.w3.org/2001/XMLSchema-instance;R17;UniqueID;;248
354;/ElementOffset;ElementOffset;ElementOffset;NeedleRollerBearingFeature;http://www.w3.org/2001/XMLSchema-instance;R17;UniqueID;;248
355;/ElementPcd;ElementPcd;ElementPcd;NeedleRollerBearingFeature;http://www.w3.org/2001/XMLSchema-instance;R17;UniqueID;;248
356;/Elements;Elements;Elements;NeedleRollerBearingFeature;http://www.w3.org/2001/XMLSchema-instance;R17;UniqueID;;248
357;/EstimationCompatibility;EstimationCompatibility;EstimationCompatibility;NeedleRollerBearingFeature;http://www.w3.org/2001/XMLSchema-instance;R17;UniqueID;;248
358;/FatigueLoadLimit;FatigueLoadLimit;FatigueLoadLimit;NeedleRollerBearingFeature;http://www.w3.org/2001/XMLSchema-instance;R17;UniqueID;;248
359;/GreaseSpeed;GreaseSpeed;GreaseSpeed;NeedleRollerBearingFeature;http://www.w3.org/2001/XMLSchema-instance;R17;UniqueID;;248
360;/HasAdvancedData;HasAdvancedData;HasAdvancedData;NeedleRollerBearingFeature;http://www.w3.org/2001/XMLSchema-instance;R17;UniqueID;;248
361;/HasCapacity;HasCapacity;HasCapacity;NeedleRollerBearingFeature;http://www.w3.org/2001/XMLSchema-instance;R17;UniqueID;;248
362;/HasFatigueLoadLimit;HasFatigueLoadLimit;HasFatigueLoadLimit;NeedleRollerBearingFeature;http://www.w3.org/2001/XMLSchema-instance;R17;UniqueID;;248
363;/HasInnerRaceSplit;HasInnerRaceSplit;HasInnerRaceSplit;NeedleRollerBearingFeature;http://www.w3.org/2001/XMLSchema-instance;R17;UniqueID;;248
364;/HasInternalData;HasInternalData;HasInternalData;NeedleRollerBearingFeature;http://www.w3.org/2001/XMLSchema-instance;R17;UniqueID;;248
365;/HasMass;HasMass;HasMass;NeedleRollerBearingFeature;http://www.w3.org/2001/XMLSchema-instance;R17;UniqueID;;248
366;/HasOuterRaceSplit;HasOuterRaceSplit;HasOuterRaceSplit;NeedleRollerBearingFeature;http://www.w3.org/2001/XMLSchema-instance;R17;UniqueID;;248
367;/InnerMaterial/@Ref[1];InnerMaterial;InnerMaterial;NeedleRollerBearingFeature;http://www.w3.org/2001/XMLSchema-instance;R17;UniqueID;;248
368;/InnerRaceSplitAngle;InnerRaceSplitAngle;InnerRaceSplitAngle;NeedleRollerBearingFeature;http://www.w3.org/2001/XMLSchema-instance;R17;UniqueID;;248
369;/InnerRaceSplitBlendRadius;InnerRaceSplitBlendRadius;InnerRaceSplitBlendRadius;NeedleRollerBearingFeature;http://www.w3.org/2001/XMLSchema-instance;R17;UniqueID;;248
370;/InnerRaceSplitWidth;InnerRaceSplitWidth;InnerRaceSplitWidth;NeedleRollerBearingFeature;http://www.w3.org/2001/XMLSchema-instance;R17;UniqueID;;248
371;/InnerRacewayCrownType;InnerRacewayCrownType;InnerRacewayCrownType;NeedleRollerBearingFeature;http://www.w3.org/2001/XMLSchema-instance;R17;UniqueID;;248
372;/InnerRingType;InnerRingType;InnerRingType;NeedleRollerBearingFeature;http://www.w3.org/2001/XMLSchema-instance;R17;UniqueID;;248
373;/InnerShoulderDiameter;InnerShoulderDiameter;InnerShoulderDiameter;NeedleRollerBearingFeature;http://www.w3.org/2001/XMLSchema-instance;R17;UniqueID;;248
374;/IsFullComplement;IsFullComplement;IsFullComplement;NeedleRollerBearingFeature;http://www.w3.org/2001/XMLSchema-instance;R17;UniqueID;;248
375;/IsMatched;IsMatched;IsMatched;NeedleRollerBearingFeature;http://www.w3.org/2001/XMLSchema-instance;R17;UniqueID;;248
376;/IsProprietary;IsProprietary;IsProprietary;NeedleRollerBearingFeature;http://www.w3.org/2001/XMLSchema-instance;R17;UniqueID;;248
377;/LogDropEndZoneInner;LogDropEndZoneInner;LogDropEndZoneInner;NeedleRollerBearingFeature;http://www.w3.org/2001/XMLSchema-instance;R17;UniqueID;;248
378;/LogDropEndZoneOuter;LogDropEndZoneOuter;LogDropEndZoneOuter;NeedleRollerBearingFeature;http://www.w3.org/2001/XMLSchema-instance;R17;UniqueID;;248
379;/LogDropEndZoneRoller;LogDropEndZoneRoller;LogDropEndZoneRoller;NeedleRollerBearingFeature;http://www.w3.org/2001/XMLSchema-instance;R17;UniqueID;;248
380;/Mass;Mass;Mass;NeedleRollerBearingFeature;http://www.w3.org/2001/XMLSchema-instance;R17;UniqueID;;248
381;/MaximumAllowableContactStress;MaximumAllowableContactStress;MaximumAllowableContactStress;NeedleRollerBearingFeature;http://www.w3.org/2001/XMLSchema-instance;R17;UniqueID;;248
382;/NameWithClass;NameWithClass;NameWithClass;NeedleRollerBearingFeature;http://www.w3.org/2001/XMLSchema-instance;R17;UniqueID;;248
383;/Od;Od;Od;NeedleRollerBearingFeature;http://www.w3.org/2001/XMLSchema-instance;R17;UniqueID;;248
384;/OilSpeed;OilSpeed;OilSpeed;NeedleRollerBearingFeature;http://www.w3.org/2001/XMLSchema-instance;R17;UniqueID;;248
385;/OuterMaterial/@Ref[1];OuterMaterial;OuterMaterial;NeedleRollerBearingFeature;http://www.w3.org/2001/XMLSchema-instance;R17;UniqueID;;248
386;/OuterRaceSplitAngle;OuterRaceSplitAngle;OuterRaceSplitAngle;NeedleRollerBearingFeature;http://www.w3.org/2001/XMLSchema-instance;R17;UniqueID;;248
387;/OuterRaceSplitBlendRadius;OuterRaceSplitBlendRadius;OuterRaceSplitBlendRadius;NeedleRollerBearingFeature;http://www.w3.org/2001/XMLSchema-instance;R17;UniqueID;;248
388;/OuterRaceSplitWidth;OuterRaceSplitWidth;OuterRaceSplitWidth;NeedleRollerBearingFeature;http://www.w3.org/2001/XMLSchema-instance;R17;UniqueID;;248
389;/OuterRacewayCrownType;OuterRacewayCrownType;OuterRacewayCrownType;NeedleRollerBearingFeature;http://www.w3.org/2001/XMLSchema-instance;R17;UniqueID;;248
390;/OuterRingType;OuterRingType;OuterRingType;NeedleRollerBearingFeature;http://www.w3.org/2001/XMLSchema-instance;R17;UniqueID;;248
391;/OuterShoulderDiameter;OuterShoulderDiameter;OuterShoulderDiameter;NeedleRollerBearingFeature;http://www.w3.org/2001/XMLSchema-instance;R17;UniqueID;;248
392;/PairConfig;PairConfig;PairConfig;NeedleRollerBearingFeature;http://www.w3.org/2001/XMLSchema-instance;R17;UniqueID;;248
393;/ReferenceSpeed;ReferenceSpeed;ReferenceSpeed;NeedleRollerBearingFeature;http://www.w3.org/2001/XMLSchema-instance;R17;UniqueID;;248
394;/RibEdgeChamfer;RibEdgeChamfer;RibEdgeChamfer;NeedleRollerBearingFeature;http://www.w3.org/2001/XMLSchema-instance;R17;UniqueID;;248
395;/RollerCornerDetailsLeft;RollerCornerDetailsLeft;RollerCornerDetailsLeft;NeedleRollerBearingFeature;http://www.w3.org/2001/XMLSchema-instance;R17;UniqueID;;248
396;/RollerCornerDetailsRight;RollerCornerDetailsRight;RollerCornerDetailsRight;NeedleRollerBearingFeature;http://www.w3.org/2001/XMLSchema-instance;R17;UniqueID;;248
397;/RollerCornerRadiusLeft;RollerCornerRadiusLeft;RollerCornerRadiusLeft;NeedleRollerBearingFeature;http://www.w3.org/2001/XMLSchema-instance;R17;UniqueID;;248
398;/RollerCornerRadiusRight;RollerCornerRadiusRight;RollerCornerRadiusRight;NeedleRollerBearingFeature;http://www.w3.org/2001/XMLSchema-instance;R17;UniqueID;;248
399;/Rows;Rows;Rows;NeedleRollerBearingFeature;http://www.w3.org/2001/XMLSchema-instance;R17;UniqueID;;248
400;/StaticCapacity;StaticCapacity;StaticCapacity;NeedleRollerBearingFeature;http://www.w3.org/2001/XMLSchema-instance;R17;UniqueID;;248
401;/SurfaceRoughnessRMSElement;SurfaceRoughnessRMSElement;SurfaceRoughnessRMSElement;NeedleRollerBearingFeature;http://www.w3.org/2001/XMLSchema-instance;R17;UniqueID;;248
402;/SurfaceRoughnessRMSInner;SurfaceRoughnessRMSInner;SurfaceRoughnessRMSInner;NeedleRollerBearingFeature;http://www.w3.org/2001/XMLSchema-instance;R17;UniqueID;;248
403;/SurfaceRoughnessRMSOuter;SurfaceRoughnessRMSOuter;SurfaceRoughnessRMSOuter;NeedleRollerBearingFeature;http://www.w3.org/2001/XMLSchema-instance;R17;UniqueID;;248
404;/Unit;Unit;Unit;NeedleRollerBearingFeature;http://www.w3.org/2001/XMLSchema-instance;R17;UniqueID;;248
405;/BmFactor;BmFactor;BmFactor;RadialBallBearingFeature;http://www.w3.org/2001/XMLSchema-instance;R17;UniqueID;;249
406;/Bore;Bore;Bore;RadialBallBearingFeature;http://www.w3.org/2001/XMLSchema-instance;R17;UniqueID;;249
407;/Designation;Designation;Designation;RadialBallBearingFeature;http://www.w3.org/2001/XMLSchema-instance;R17;UniqueID;;249
408;/DynamicCapacity;DynamicCapacity;DynamicCapacity;RadialBallBearingFeature;http://www.w3.org/2001/XMLSchema-instance;R17;UniqueID;;249
409;/ElementDiameter;ElementDiameter;ElementDiameter;RadialBallBearingFeature;http://www.w3.org/2001/XMLSchema-instance;R17;UniqueID;;249
410;/ElementMaterial/@Ref;ElementMaterial;ElementMaterial;RadialBallBearingFeature;http://www.w3.org/2001/XMLSchema-instance;R17;UniqueID;;249
411;/ElementOffset;ElementOffset;ElementOffset;RadialBallBearingFeature;http://www.w3.org/2001/XMLSchema-instance;R17;UniqueID;;249
412;/ElementPcd;ElementPcd;ElementPcd;RadialBallBearingFeature;http://www.w3.org/2001/XMLSchema-instance;R17;UniqueID;;249
413;/Elements;Elements;Elements;RadialBallBearingFeature;http://www.w3.org/2001/XMLSchema-instance;R17;UniqueID;;249
414;/EstimationCompatibility;EstimationCompatibility;EstimationCompatibility;RadialBallBearingFeature;http://www.w3.org/2001/XMLSchema-instance;R17;UniqueID;;249
415;/Fo;Fo;Fo;RadialBallBearingFeature;http://www.w3.org/2001/XMLSchema-instance;R17;UniqueID;;249
416;/GreaseSpeed;GreaseSpeed;GreaseSpeed;RadialBallBearingFeature;http://www.w3.org/2001/XMLSchema-instance;R17;UniqueID;;249
417;/HasAdvancedData;HasAdvancedData;HasAdvancedData;RadialBallBearingFeature;http://www.w3.org/2001/XMLSchema-instance;R17;UniqueID;;249
418;/HasCapacity;HasCapacity;HasCapacity;RadialBallBearingFeature;http://www.w3.org/2001/XMLSchema-instance;R17;UniqueID;;249
419;/HasFatigueLoadLimit;HasFatigueLoadLimit;HasFatigueLoadLimit;RadialBallBearingFeature;http://www.w3.org/2001/XMLSchema-instance;R17;UniqueID;;249
420;/HasInternalData;HasInternalData;HasInternalData;RadialBallBearingFeature;http://www.w3.org/2001/XMLSchema-instance;R17;UniqueID;;249
421;/HasMass;HasMass;HasMass;RadialBallBearingFeature;http://www.w3.org/2001/XMLSchema-instance;R17;UniqueID;;249
422;/InnerMaterial/@Ref;InnerMaterial;InnerMaterial;RadialBallBearingFeature;http://www.w3.org/2001/XMLSchema-instance;R17;UniqueID;;249
423;/InnerRingType;InnerRingType;InnerRingType;RadialBallBearingFeature;http://www.w3.org/2001/XMLSchema-instance;R17;UniqueID;;249
424;/InnerShoulderDiameterLeft;InnerShoulderDiameterLeft;InnerShoulderDiameterLeft;RadialBallBearingFeature;http://www.w3.org/2001/XMLSchema-instance;R17;UniqueID;;249
425;/InnerShoulderDiameterRight;InnerShoulderDiameterRight;InnerShoulderDiameterRight;RadialBallBearingFeature;http://www.w3.org/2001/XMLSchema-instance;R17;UniqueID;;249
426;/InnerTrackRadius;InnerTrackRadius;InnerTrackRadius;RadialBallBearingFeature;http://www.w3.org/2001/XMLSchema-instance;R17;UniqueID;;249
427;/Mass;Mass;Mass;RadialBallBearingFeature;http://www.w3.org/2001/XMLSchema-instance;R17;UniqueID;;249
428;/MaximumAllowableContactStress;MaximumAllowableContactStress;MaximumAllowableContactStress;RadialBallBearingFeature;http://www.w3.org/2001/XMLSchema-instance;R17;UniqueID;;249
429;/NameWithClass;NameWithClass;NameWithClass;RadialBallBearingFeature;http://www.w3.org/2001/XMLSchema-instance;R17;UniqueID;;249
430;/Od;Od;Od;RadialBallBearingFeature;http://www.w3.org/2001/XMLSchema-instance;R17;UniqueID;;249
431;/OilSpeed;OilSpeed;OilSpeed;RadialBallBearingFeature;http://www.w3.org/2001/XMLSchema-instance;R17;UniqueID;;249
432;/OuterMaterial/@Ref;OuterMaterial;OuterMaterial;RadialBallBearingFeature;http://www.w3.org/2001/XMLSchema-instance;R17;UniqueID;;249
433;/OuterRingType;OuterRingType;OuterRingType;RadialBallBearingFeature;http://www.w3.org/2001/XMLSchema-instance;R17;UniqueID;;249
434;/OuterShoulderDiameterLeft;OuterShoulderDiameterLeft;OuterShoulderDiameterLeft;RadialBallBearingFeature;http://www.w3.org/2001/XMLSchema-instance;R17;UniqueID;;249
435;/OuterShoulderDiameterRight;OuterShoulderDiameterRight;OuterShoulderDiameterRight;RadialBallBearingFeature;http://www.w3.org/2001/XMLSchema-instance;R17;UniqueID;;249
436;/OuterTrackRadius;OuterTrackRadius;OuterTrackRadius;RadialBallBearingFeature;http://www.w3.org/2001/XMLSchema-instance;R17;UniqueID;;249
437;/PairConfig;PairConfig;PairConfig;RadialBallBearingFeature;http://www.w3.org/2001/XMLSchema-instance;R17;UniqueID;;249
438;/Rows;Rows;Rows;RadialBallBearingFeature;http://www.w3.org/2001/XMLSchema-instance;R17;UniqueID;;249
439;/StaticCapacity;StaticCapacity;StaticCapacity;RadialBallBearingFeature;http://www.w3.org/2001/XMLSchema-instance;R17;UniqueID;;249
440;/SurfaceRoughnessRMSElement;SurfaceRoughnessRMSElement;SurfaceRoughnessRMSElement;RadialBallBearingFeature;http://www.w3.org/2001/XMLSchema-instance;R17;UniqueID;;249
441;/SurfaceRoughnessRMSInner;SurfaceRoughnessRMSInner;SurfaceRoughnessRMSInner;RadialBallBearingFeature;http://www.w3.org/2001/XMLSchema-instance;R17;UniqueID;;249
442;/SurfaceRoughnessRMSOuter;SurfaceRoughnessRMSOuter;SurfaceRoughnessRMSOuter;RadialBallBearingFeature;http://www.w3.org/2001/XMLSchema-instance;R17;UniqueID;;249
443;/Unit;Unit;Unit;RadialBallBearingFeature;http://www.w3.org/2001/XMLSchema-instance;R17;UniqueID;;249
444;/Width;Width;Width;RadialBallBearingFeature;http://www.w3.org/2001/XMLSchema-instance;R17;UniqueID;;249
445;/EquivalentLoadFactors/EVector;EVector;EVector;BearingEquivalentLoadFactors;http://www.w3.org/2001/XMLSchema-instance;R17;UniqueID;;249
446;/EquivalentLoadFactors/Facor;Facor;Facor;BearingEquivalentLoadFactors;http://www.w3.org/2001/XMLSchema-instance;R17;UniqueID;;249
447;/EquivalentLoadFactors/X0;X0;X0;BearingEquivalentLoadFactors;http://www.w3.org/2001/XMLSchema-instance;R17;UniqueID;;249
448;/EquivalentLoadFactors/X1;X1;X1;BearingEquivalentLoadFactors;http://www.w3.org/2001/XMLSchema-instance;R17;UniqueID;;249
449;/EquivalentLoadFactors/X2;X2;X2;BearingEquivalentLoadFactors;http://www.w3.org/2001/XMLSchema-instance;R17;UniqueID;;249
450;/EquivalentLoadFactors/Y0;Y0;Y0;BearingEquivalentLoadFactors;http://www.w3.org/2001/XMLSchema-instance;R17;UniqueID;;249
451;/EquivalentLoadFactors/Y1;Y1;Y1;BearingEquivalentLoadFactors;http://www.w3.org/2001/XMLSchema-instance;R17;UniqueID;;249
452;/EquivalentLoadFactors/Y2Vector;Y2Vector;Y2Vector;BearingEquivalentLoadFactors;http://www.w3.org/2001/XMLSchema-instance;R17;UniqueID;;249
453;/HasHardOuterZone;HasHardOuterZone;HasHardOuterZone;SurfaceTreatmentFeature;http://www.w3.org/2001/XMLSchema-instance;R17;UniqueID;;250
454;/Roughness;Roughness;Roughness;SurfaceTreatmentFeature;http://www.w3.org/2001/XMLSchema-instance;R17;UniqueID;;250
455;/SurfaceFactor;SurfaceFactor;SurfaceFactor;SurfaceTreatmentFeature;http://www.w3.org/2001/XMLSchema-instance;R17;UniqueID;;250
456;/SurfaceFinish;SurfaceFinish;SurfaceFinish;SurfaceTreatmentFeature;http://www.w3.org/2001/XMLSchema-instance;R17;UniqueID;;250
457;/SurfaceFinishType;SurfaceFinishType;SurfaceFinishType;SurfaceTreatmentFeature;http://www.w3.org/2001/XMLSchema-instance;R17;UniqueID;;250
458;/SurfaceTreatment;SurfaceTreatment;SurfaceTreatment;SurfaceTreatmentFeature;http://www.w3.org/2001/XMLSchema-instance;R17;UniqueID;;250
459;//Layouts/Element/Positions/Element[@prefix:type='SSDShaftPC' {}];ShaftCoordination;ShaftCoordination;SSDShaftPC;http://www.w3.org/2001/XMLSchema-instance;R17;UniqueID;;0
460;/Origin/X;OriginX;ShaftOriginX;ShaftPosition;http://www.w3.org/2001/XMLSchema-instance;R17;UniqueID;;459
461;/Origin/Y;OriginY;ShaftOriginY;ShaftPosition;http://www.w3.org/2001/XMLSchema-instance;R17;UniqueID;;459
462;/Origin/Z;OriginZ;ShaftOriginZ;ShaftPosition;http://www.w3.org/2001/XMLSchema-instance;R17;UniqueID;;459
463;/AxisDirection/X;AxisDirectionX;ShaftAxisDirectionX;ShaftPosition;http://www.w3.org/2001/XMLSchema-instance;R17;UniqueID;;459
464;/AxisDirection/Y;AxisDirectionY;ShaftAxisDirectionY;ShaftPosition;http://www.w3.org/2001/XMLSchema-instance;R17;UniqueID;;459
465;/AxisDirection/Z;AxisDirectionZ;ShaftAxisDirectionZ;ShaftPosition;http://www.w3.org/2001/XMLSchema-instance;R17;UniqueID;;459
466;/Real/@Ref;ShaftID;Real;ShaftPosition;http://www.w3.org/2001/XMLSchema-instance;R17;UniqueID;;459
467;/Geometry/LeftID;LeftID;LeftID;ClutchFeature;http://www.w3.org/2001/XMLSchema-instance;R17;UniqueID;;9
468;/Geometry/LeftOD;LeftOD;LeftOD;ClutchFeature;http://www.w3.org/2001/XMLSchema-instance;R17;UniqueID;;9
469;/Geometry/Length;Length;Length;ClutchFeature;http://www.w3.org/2001/XMLSchema-instance;R17;UniqueID;;9
470;/Width;Width;Width;NeedleRollerBearingFeature;http://www.w3.org/2001/XMLSchema-instance;R17;UniqueID;;248
471;//Database/Element[@prefix:type={}];CylindricalRollerBearingData;SSDCylindricalRollerBearingType;DataBase;http://www.w3.org/2001/XMLSchema-instance;R17;UniqueID;;0
472;/Rows;Rows;Rows;CylindricalRollerBearingData;http://www.w3.org/2001/XMLSchema-instance;R17;UniqueID;;471
473;/OuterRaceSplitBlendRadius;OuterRaceSplitBlendRadius;OuterRaceSplitBlendRadius;CylindricalRollerBearingData;http://www.w3.org/2001/XMLSchema-instance;R17;UniqueID;;471
474;/SurfaceRoughnessRMSElement;SurfaceRoughnessRMSElement;SurfaceRoughnessRMSElement;CylindricalRollerBearingData;http://www.w3.org/2001/XMLSchema-instance;R17;UniqueID;;471
475;/Designation;Designation;Designation;CylindricalRollerBearingData;http://www.w3.org/2001/XMLSchema-instance;R17;UniqueID;;471
476;/Ribs;Ribs;Ribs;CylindricalRollerBearingData;http://www.w3.org/2001/XMLSchema-instance;R17;UniqueID;;471
477;/OuterShoulderDiameter;OuterShoulderDiameter;OuterShoulderDiameter;CylindricalRollerBearingData;http://www.w3.org/2001/XMLSchema-instance;R17;UniqueID;;471
478;/LogDropEndZoneInner;LogDropEndZoneInner;LogDropEndZoneInner;CylindricalRollerBearingData;http://www.w3.org/2001/XMLSchema-instance;R17;UniqueID;;471
479;/RollerCornerRadiusRight;RollerCornerRadiusRight;RollerCornerRadiusRight;CylindricalRollerBearingData;http://www.w3.org/2001/XMLSchema-instance;R17;UniqueID;;471
480;/Od;Od;Od;CylindricalRollerBearingData;http://www.w3.org/2001/XMLSchema-instance;R17;UniqueID;;471
481;/ElementPcd;ElementPcd;ElementPcd;CylindricalRollerBearingData;http://www.w3.org/2001/XMLSchema-instance;R17;UniqueID;;471
482;/SemiCrownBlendRadius;SemiCrownBlendRadius;SemiCrownBlendRadius;CylindricalRollerBearingData;http://www.w3.org/2001/XMLSchema-instance;R17;UniqueID;;471
483;/PairConfig;PairConfig;PairConfig;CylindricalRollerBearingData;http://www.w3.org/2001/XMLSchema-instance;R17;UniqueID;;471
484;/CrownType;CrownType;CrownType;CylindricalRollerBearingData;http://www.w3.org/2001/XMLSchema-instance;R17;UniqueID;;471
485;/LogDropEndZoneRoller;LogDropEndZoneRoller;LogDropEndZoneRoller;CylindricalRollerBearingData;http://www.w3.org/2001/XMLSchema-instance;R17;UniqueID;;471
486;/LogDropEndZoneOuter;LogDropEndZoneOuter;LogDropEndZoneOuter;CylindricalRollerBearingData;http://www.w3.org/2001/XMLSchema-instance;R17;UniqueID;;471
487;/OuterRibClearance;OuterRibClearance;OuterRibClearance;CylindricalRollerBearingData;http://www.w3.org/2001/XMLSchema-instance;R17;UniqueID;;471
488;/MaximumAllowableContactStress;MaximumAllowableContactStress;MaximumAllowableContactStress;CylindricalRollerBearingData;http://www.w3.org/2001/XMLSchema-instance;R17;UniqueID;;471
489;/StaticCapacity;StaticCapacity;StaticCapacity;CylindricalRollerBearingData;http://www.w3.org/2001/XMLSchema-instance;R17;UniqueID;;471
490;/InnerRaceSplitBlendRadius;InnerRaceSplitBlendRadius;InnerRaceSplitBlendRadius;CylindricalRollerBearingData;http://www.w3.org/2001/XMLSchema-instance;R17;UniqueID;;471
491;/RibEdgeChamfer;RibEdgeChamfer;RibEdgeChamfer;CylindricalRollerBearingData;http://www.w3.org/2001/XMLSchema-instance;R17;UniqueID;;471
492;/OuterMaterial;OuterMaterial;OuterMaterial;CylindricalRollerBearingData;http://www.w3.org/2001/XMLSchema-instance;R17;UniqueID;;471
493;/SurfaceRoughnessRMSInner;SurfaceRoughnessRMSInner;SurfaceRoughnessRMSInner;CylindricalRollerBearingData;http://www.w3.org/2001/XMLSchema-instance;R17;UniqueID;;471
494;/Elements;Elements;Elements;CylindricalRollerBearingData;http://www.w3.org/2001/XMLSchema-instance;R17;UniqueID;;471
495;/InnerShoulderDiameter;InnerShoulderDiameter;InnerShoulderDiameter;CylindricalRollerBearingData;http://www.w3.org/2001/XMLSchema-instance;R17;UniqueID;;471
496;/InnerRacewayCrownType;InnerRacewayCrownType;InnerRacewayCrownType;CylindricalRollerBearingData;http://www.w3.org/2001/XMLSchema-instance;R17;UniqueID;;471
497;/DynamicCapacity;DynamicCapacity;DynamicCapacity;CylindricalRollerBearingData;http://www.w3.org/2001/XMLSchema-instance;R17;UniqueID;;471
498;/OuterRaceSplitAngle;OuterRaceSplitAngle;OuterRaceSplitAngle;CylindricalRollerBearingData;http://www.w3.org/2001/XMLSchema-instance;R17;UniqueID;;471
499;/RollerCornerRadiusLeft;RollerCornerRadiusLeft;RollerCornerRadiusLeft;CylindricalRollerBearingData;http://www.w3.org/2001/XMLSchema-instance;R17;UniqueID;;471
500;/DesignLoad;DesignLoad;DesignLoad;CylindricalRollerBearingData;http://www.w3.org/2001/XMLSchema-instance;R17;UniqueID;;471
501;/ElementLength;ElementLength;ElementLength;CylindricalRollerBearingData;http://www.w3.org/2001/XMLSchema-instance;R17;UniqueID;;471
502;/OuterRaceSplitWidth;OuterRaceSplitWidth;OuterRaceSplitWidth;CylindricalRollerBearingData;http://www.w3.org/2001/XMLSchema-instance;R17;UniqueID;;471
503;/SurfaceRoughnessRMSOuter;SurfaceRoughnessRMSOuter;SurfaceRoughnessRMSOuter;CylindricalRollerBearingData;http://www.w3.org/2001/XMLSchema-instance;R17;UniqueID;;471
504;/ElementOffset;ElementOffset;ElementOffset;CylindricalRollerBearingData;http://www.w3.org/2001/XMLSchema-instance;R17;UniqueID;;471
505;/ElementDiameter;ElementDiameter;ElementDiameter;CylindricalRollerBearingData;http://www.w3.org/2001/XMLSchema-instance;R17;UniqueID;;471
506;/InnerRaceSplitAngle;InnerRaceSplitAngle;InnerRaceSplitAngle;CylindricalRollerBearingData;http://www.w3.org/2001/XMLSchema-instance;R17;UniqueID;;471
507;/OuterRacewayCrownType;OuterRacewayCrownType;OuterRacewayCrownType;CylindricalRollerBearingData;http://www.w3.org/2001/XMLSchema-instance;R17;UniqueID;;471
508;/InnerRaceSplitWidth;InnerRaceSplitWidth;InnerRaceSplitWidth;CylindricalRollerBearingData;http://www.w3.org/2001/XMLSchema-instance;R17;UniqueID;;471
509;/Bore;Bore;Bore;CylindricalRollerBearingData;http://www.w3.org/2001/XMLSchema-instance;R17;UniqueID;;471
510;/BmFactor;BmFactor;BmFactor;CylindricalRollerBearingData;http://www.w3.org/2001/XMLSchema-instance;R17;UniqueID;;471
511;/Mass;Mass;Mass;CylindricalRollerBearingData;http://www.w3.org/2001/XMLSchema-instance;R17;UniqueID;;471
512;/Width;Width;Width;CylindricalRollerBearingData;http://www.w3.org/2001/XMLSchema-instance;R17;UniqueID;;471
513;/Lubricant/LubricantDefinition/@Ref;Lubricant;Lubricant;BearingFeature;http://www.w3.org/2001/XMLSchema-instance;R17;UniqueID;;4
514;/Lubricant/Level;LubricantLevel;LubricantLevel;BearingFeature;http://www.w3.org/2001/XMLSchema-instance;R17;UniqueID;m;4
515;/Lubricant/Level;LubricantLevel;LubricantLevel;HelicalGearLubricant;http://www.w3.org/2001/XMLSchema-instance;R17;UniqueID;m;7
